ProductID,Price,DiscountRate
P1,326.99,0.22
P2,144.31,0.34
P3,320.21,0.16
P4,112.34,0.3
P5,423.44,0.3
P6,468.52,0.06
P7,376.69,0.34
P8,174.64,0.34
P9,6.03,0.09
P10,460.95,0.44
P11,153.65,0.4
P12,187.26,0.36
P13,162.61,0.03
P14,50.55,0.12
P15,312.59,0.42
P16,48.95,0.09
P17,92.65,0.49
P18,104.21,0.05
P19,245.87,0.33
P20,367.53,0.01
P21,225.35,0.46
P22,172.43,0.25
P23,28.42,0.03
P24,11.15,0.42
P25,396.38,0.38
P26,495.61,0.39
P27,136.01,0.02
P28,397.09,0.35
P29,266.84,0.33
P30,368.35,0.41
P31,187.23,0.43
P32,51.75,0.27
P33,64.04,0.27
P34,156.67,0.46
P35,489.31,0.26
P36,229.88,0.45
P37,219.98,0.27
P38,322.97,0.35
P39,317.08,0.32
P40,394.93,0.03
P41,282.16,0.38
P42,136.27,0.05
P43,98.98,0.45
P44,464.58,0.35
P45,369.5,0.45
P46,281.42,0.44
P47,91.66,0.16
P48,206.47,0.16
P49,19.07,0.08
P50,81.48,0.33
P51,240.19,0.11
P52,141.2,0.26
P53,146.71,0.02
P54,69.38,0.04
P55,130.04,0.39
P56,488.88,0.47
P57,43.25,0.4
P58,482.56,0.47
P59,278.25,0.43
P60,436.1,0.08
P61,249.8,0.4
P62,124.09,0.47
P63,92.59,0.3
P64,161.76,0.14
P65,310.28,0.23
P66,477.89,0.45
P67,128.71,0.27
P68,94.85,0.12
P69,121.31,0.07
P70,381.51,0.07
P71,152.9,0.01
P72,9.22,0.24
P73,459.93,0.15
P74,369.21,0.38
P75,239.26,0.1
P76,367.58,0.19
P77,450.98,0.27
P78,29.9,0.16
P79,467.35,0.03
P80,215.53,0.15
P81,103.12,0.19
P82,108.22,0.49
P83,123.16,0.16
P84,172.7,0.19
P85,213.31,0.4
P86,160.23,0.01
P87,387.44,0.21
P88,29.84,0.28
P89,28.32,0.39
P90,457.42,0.36
P91,312.15,0.31
P92,116.42,0.35
P93,58.84,0.05
P94,276.32,0.13
P95,449.14,0.4
P96,210.1,0.18
P97,265.47,0.33
P98,121.76,0.39
P99,130.04,0.3
P100,484.7,0.5
P101,204.84,0.25
P102,265.39,0.41
P103,248.15,0.32
P104,262.83,0.01
P105,366.96,0.37
P106,384.68,0.37
P107,365.6,0.16
P108,429.56,0.43
P109,457.04,0.02
P110,49.07,0.24
P111,72.27,0.02
P112,309.64,0.02
P113,411.68,0.15
P114,418.03,0.09
P115,108.31,0.23
P116,167.43,0.01
P117,261.86,0.28
P118,347.16,0.4
P119,328.2,0.29
P120,83.31,0.11
P121,148.78,0.24
P122,482.43,0.15
P123,56.41,0.39
P124,225.39,0.14
P125,291.19,0.45
P126,472.34,0.24
P127,354.2,0.34
P128,344.53,0.23
P129,254.04,0.08
P130,497.64,0.28
P131,62.68,0.08
P132,304.54,0.45
P133,448.18,0.2
P134,266.69,0.22
P135,385.17,0.49
P136,369.75,0.39
P137,402.56,0.38
P138,117.41,0.21
P139,129.95,0.15
P140,200.39,0.5
P141,154.08,0.02
P142,337.52,0.37
P143,125.33,0.28
P144,286.99,0.12
P145,183.14,0.42
P146,166.18,0.15
P147,312.22,0.34
P148,55.33,0.48
P149,291.87,0.44
P150,181.5,0.27
P151,478.02,0.35
P152,462.39,0.28
P153,305.78,0.23
P154,130.96,0.06
P155,433.56,0.35
P156,454.42,0.3
P157,300.14,0.31
P158,272.69,0.21
P159,138.85,0.37
P160,95.7,0.07
P161,82.47,0.02
P162,21.69,0.11
P163,429.85,0.31
P164,458.0,0.1
P165,421.1,0.27
P166,183.15,0.04
P167,31.77,0.45
P168,341.28,0.41
P169,424.92,0.27
P170,24.29,0.48
P171,267.46,0.47
P172,435.18,0.1
P173,12.56,0.08
P174,58.29,0.15
P175,21.21,0.16
P176,61.23,0.26
P177,48.29,0.21
P178,189.78,0.24
P179,7.6,0.12
P180,377.01,0.45
P181,375.92,0.3
P182,411.6,0.02
P183,319.54,0.43
P184,182.23,0.29
P185,461.85,0.34
P186,5.52,0.33
P187,257.63,0.35
P188,351.74,0.25
P189,101.5,0.12
P190,101.15,0.09
P191,128.03,0.03
P192,151.91,0.42
P193,257.46,0.33
P194,288.56,0.12
P195,412.89,0.4
P196,152.15,0.45
P197,336.29,0.37
P198,255.52,0.14
P199,9.06,0.21
P200,110.46,0.13
P201,463.04,0.23
P202,321.62,0.07
P203,202.45,0.33
P204,346.64,0.11
P205,147.04,0.3
P206,381.4,0.2
P207,467.3,0.31
P208,152.8,0.2
P209,180.85,0.29
P210,207.54,0.07
P211,458.25,0.38
P212,405.19,0.38
P213,476.72,0.01
P214,94.23,0.33
P215,208.57,0.09
P216,297.11,0.24
P217,11.82,0.08
P218,210.07,0.36
P219,187.9,0.45
P220,467.21,0.49
P221,336.25,0.07
P222,41.53,0.44
P223,331.89,0.27
P224,395.35,0.47
P225,452.1,0.49
P226,402.7,0.12
P227,390.14,0.44
P228,457.94,0.09
P229,328.42,0.14
P230,442.3,0.46
P231,106.83,0.21
P232,241.17,0.33
P233,290.44,0.01
P234,409.85,0.39
P235,200.92,0.21
P236,112.85,0.35
P237,419.72,0.23
P238,443.31,0.4
P239,80.18,0.36
P240,234.6,0.36
P241,305.29,0.1
P242,140.79,0.34
P243,368.52,0.28
P244,133.36,0.18
P245,236.91,0.34
P246,57.89,0.46
P247,164.54,0.32
P248,486.65,0.47
P249,195.93,0.31
P250,114.81,0.32
P251,176.2,0.14
P252,237.65,0.32
P253,190.24,0.36
P254,140.19,0.34
P255,36.28,0.24
P256,11.75,0.01
P257,271.7,0.47
P258,318.36,0.0
P259,32.01,0.31
P260,461.23,0.25
P261,412.86,0.11
P262,299.35,0.04
P263,327.06,0.35
P264,400.58,0.44
P265,345.67,0.19
P266,400.53,0.04
P267,472.91,0.28
P268,119.15,0.09
P269,44.4,0.17
P270,22.8,0.3
P271,451.65,0.19
P272,192.15,0.09
P273,398.96,0.19
P274,175.33,0.3
P275,459.57,0.08
P276,280.58,0.24
P277,397.04,0.33
P278,312.51,0.04
P279,33.91,0.07
P280,201.88,0.44
P281,291.39,0.07
P282,342.76,0.47
P283,289.97,0.16
P284,460.18,0.13
P285,247.76,0.24
P286,61.67,0.45
P287,397.74,0.29
P288,130.26,0.41
P289,157.27,0.05
P290,190.33,0.1
P291,465.07,0.03
P292,474.52,0.48
P293,74.55,0.13
P294,75.76,0.5
P295,305.21,0.14
P296,44.68,0.29
P297,431.99,0.02
P298,155.47,0.25
P299,214.85,0.44
P300,295.11,0.4
P301,384.09,0.04
P302,56.85,0.5
P303,169.38,0.41
P304,346.54,0.16
P305,489.91,0.08
P306,127.93,0.09
P307,47.62,0.45
P308,78.8,0.48
P309,119.49,0.18
P310,152.65,0.48
P311,377.78,0.03
P312,446.17,0.43
P313,289.15,0.42
P314,114.71,0.34
P315,359.81,0.18
P316,167.48,0.02
P317,253.48,0.33
P318,132.13,0.04
P319,57.57,0.07
P320,80.6,0.43
P321,339.05,0.25
P322,485.53,0.12
P323,461.46,0.39
P324,376.46,0.26
P325,96.42,0.46
P326,446.6,0.4
P327,391.5,0.46
P328,386.0,0.08
P329,211.14,0.15
P330,309.35,0.15
P331,67.0,0.08
P332,483.62,0.31
P333,85.65,0.27
P334,71.69,0.42
P335,211.01,0.21
P336,20.59,0.22
P337,257.52,0.34
P338,243.47,0.39
P339,107.53,0.12
P340,11.06,0.27
P341,135.4,0.3
P342,299.39,0.38
P343,12.67,0.33
P344,466.12,0.44
P345,204.14,0.48
P346,97.76,0.1
P347,11.82,0.47
P348,16.71,0.34
P349,486.6,0.38
P350,329.41,0.38
P351,330.41,0.1
P352,328.17,0.02
P353,181.12,0.04
P354,7.07,0.21
P355,385.84,0.09
P356,229.48,0.4
P357,181.44,0.19
P358,281.37,0.49
P359,411.03,0.07
P360,485.65,0.05
P361,167.96,0.32
P362,206.21,0.0
P363,186.76,0.36
P364,458.91,0.33
P365,111.21,0.1
P366,317.71,0.3
P367,316.14,0.0
P368,57.7,0.25
P369,419.6,0.26
P370,92.24,0.42
P371,373.48,0.08
P372,422.02,0.32
P373,292.36,0.3
P374,203.54,0.25
P375,445.14,0.02
P376,342.01,0.02
P377,24.17,0.17
P378,360.19,0.2
P379,64.11,0.19
P380,15.53,0.36
P381,89.93,0.25
P382,258.87,0.05
P383,431.46,0.24
P384,269.74,0.02
P385,416.89,0.18
P386,292.48,0.03
P387,14.82,0.44
P388,330.28,0.29
P389,495.05,0.03
P390,276.35,0.15
P391,393.83,0.11
P392,364.53,0.3
P393,337.82,0.25
P394,90.69,0.31
P395,72.42,0.31
P396,406.5,0.31
P397,417.71,0.01
P398,471.71,0.38
P399,38.91,0.28
P400,329.03,0.44
P401,117.89,0.33
P402,192.28,0.03
P403,84.97,0.35
P404,203.29,0.04
P405,108.44,0.44
P406,293.38,0.16
P407,165.84,0.08
P408,55.98,0.12
P409,327.27,0.44
P410,414.88,0.13
P411,227.29,0.35
P412,274.78,0.42
P413,387.24,0.35
P414,307.98,0.23
P415,410.98,0.02
P416,380.93,0.33
P417,32.96,0.4
P418,139.85,0.08
P419,328.48,0.18
P420,149.79,0.38
P421,161.67,0.23
P422,459.65,0.1
P423,149.87,0.05
P424,245.65,0.11
P425,146.9,0.29
P426,70.18,0.47
P427,331.03,0.35
P428,257.71,0.45
P429,161.57,0.18
P430,82.84,0.43
P431,43.4,0.0
P432,319.5,0.26
P433,35.7,0.0
P434,145.51,0.42
P435,202.6,0.37
P436,373.05,0.46
P437,183.78,0.06
P438,256.93,0.46
P439,336.44,0.07
P440,256.81,0.32
P441,472.64,0.07
P442,348.25,0.46
P443,449.09,0.37
P444,146.0,0.49
P445,10.09,0.14
P446,357.1,0.37
P447,385.85,0.18
P448,483.74,0.47
P449,95.46,0.3
P450,131.13,0.25
P451,499.51,0.19
P452,236.07,0.31
P453,122.73,0.13
P454,478.0,0.08
P455,478.52,0.27
P456,354.44,0.45
P457,234.47,0.47
P458,485.29,0.24
P459,50.22,0.19
P460,94.6,0.46
P461,379.15,0.04
P462,309.25,0.06
P463,492.31,0.44
P464,250.25,0.27
P465,295.3,0.3
P466,405.32,0.36
P467,125.54,0.3
P468,201.64,0.21
P469,44.26,0.49
P470,268.65,0.16
P471,273.15,0.24
P472,91.28,0.04
P473,248.82,0.14
P474,191.36,0.02
P475,351.92,0.37
P476,175.54,0.01
P477,488.04,0.0
P478,121.59,0.07
P479,39.91,0.38
P480,390.83,0.39
P481,414.05,0.4
P482,126.2,0.4
P483,41.99,0.4
P484,448.46,0.41
P485,45.7,0.11
P486,392.9,0.25
P487,436.99,0.27
P488,12.93,0.42
P489,347.43,0.1
P490,377.07,0.02
P491,213.24,0.41
P492,328.3,0.09
P493,86.57,0.34
P494,98.82,0.49
P495,30.31,0.16
P496,487.35,0.35
P497,299.76,0.16
P498,140.29,0.23
P499,338.06,0.03
P500,397.1,0.05
P501,325.87,0.25
P502,44.77,0.47
P503,202.64,0.1
P504,367.02,0.37
P505,60.23,0.35
P506,188.34,0.29
P507,250.41,0.17
P508,277.52,0.14
P509,360.15,0.16
P510,267.91,0.44
P511,309.08,0.43
P512,93.8,0.34
P513,59.03,0.26
P514,77.77,0.41
P515,200.42,0.16
P516,496.38,0.15
P517,256.61,0.49
P518,37.89,0.33
P519,490.03,0.18
P520,156.96,0.26
P521,208.76,0.01
P522,267.38,0.39
P523,149.37,0.05
P524,348.04,0.07
P525,437.15,0.48
P526,200.91,0.4
P527,177.3,0.47
P528,441.43,0.08
P529,58.74,0.22
P530,323.75,0.09
P531,300.78,0.07
P532,188.29,0.19
P533,140.18,0.05
P534,92.54,0.17
P535,47.67,0.31
P536,146.26,0.11
P537,163.97,0.03
P538,417.27,0.36
P539,386.22,0.02
P540,66.23,0.2
P541,237.77,0.03
P542,198.12,0.39
P543,161.78,0.21
P544,142.83,0.33
P545,348.92,0.42
P546,230.43,0.28
P547,385.99,0.41
P548,211.49,0.46
P549,337.76,0.28
P550,157.08,0.07
P551,208.48,0.17
P552,158.71,0.49
P553,291.55,0.06
P554,368.12,0.26
P555,309.55,0.11
P556,381.23,0.37
P557,40.24,0.23
P558,226.2,0.22
P559,322.75,0.06
P560,63.51,0.39
P561,296.37,0.08
P562,320.92,0.31
P563,98.49,0.12
P564,161.32,0.46
P565,210.13,0.2
P566,69.85,0.43
P567,352.86,0.14
P568,6.29,0.29
P569,261.12,0.05
P570,163.2,0.13
P571,411.92,0.41
P572,287.14,0.33
P573,453.09,0.35
P574,474.94,0.07
P575,184.89,0.21
P576,44.19,0.2
P577,427.01,0.04
P578,36.88,0.2
P579,45.19,0.04
P580,426.63,0.14
P581,400.25,0.21
P582,197.56,0.5
P583,52.74,0.03
P584,287.02,0.04
P585,200.42,0.16
P586,109.84,0.21
P587,234.98,0.22
P588,315.27,0.2
P589,33.85,0.19
P590,397.22,0.32
P591,72.19,0.26
P592,173.06,0.47
P593,121.01,0.49
P594,255.21,0.22
P595,459.62,0.24
P596,465.1,0.2
P597,239.49,0.19
P598,75.08,0.17
P599,153.18,0.29
P600,475.54,0.26
P601,22.96,0.28
P602,331.5,0.23
P603,496.75,0.31
P604,131.26,0.43
P605,130.01,0.0
P606,138.52,0.23
P607,493.0,0.44
P608,394.97,0.35
P609,178.35,0.15
P610,478.79,0.29
P611,323.65,0.13
P612,271.84,0.45
P613,402.53,0.49
P614,10.44,0.16
P615,450.89,0.34
P616,229.71,0.09
P617,343.38,0.22
P618,370.99,0.13
P619,476.13,0.35
P620,401.87,0.41
P621,398.95,0.11
P622,239.34,0.15
P623,315.43,0.28
P624,53.76,0.04
P625,477.69,0.02
P626,444.32,0.17
P627,330.24,0.38
P628,160.54,0.12
P629,44.95,0.09
P630,463.91,0.26
P631,123.35,0.14
P632,254.8,0.29
P633,193.02,0.04
P634,256.92,0.44
P635,63.19,0.34
P636,481.18,0.34
P637,244.13,0.15
P638,436.21,0.37
P639,87.06,0.44
P640,463.86,0.12
P641,244.13,0.2
P642,195.73,0.19
P643,116.01,0.32
P644,186.08,0.46
P645,339.08,0.01
P646,394.74,0.14
P647,335.24,0.43
P648,353.16,0.49
P649,104.37,0.42
P650,312.07,0.46
P651,127.24,0.1
P652,105.22,0.09
P653,16.15,0.04
P654,311.15,0.08
P655,122.47,0.41
P656,135.51,0.21
P657,189.5,0.29
P658,91.42,0.36
P659,312.7,0.4
P660,372.75,0.29
P661,393.32,0.05
P662,401.29,0.16
P663,354.04,0.23
P664,204.48,0.16
P665,314.33,0.13
P666,466.58,0.36
P667,82.58,0.41
P668,62.04,0.0
P669,361.21,0.16
P670,40.43,0.2
P671,374.55,0.02
P672,127.43,0.39
P673,338.21,0.39
P674,342.11,0.26
P675,213.94,0.39
P676,261.86,0.25
P677,282.85,0.32
P678,30.83,0.45
P679,426.11,0.44
P680,22.44,0.2
P681,228.61,0.4
P682,54.51,0.0
P683,256.84,0.44
P684,272.13,0.09
P685,276.34,0.26
P686,423.98,0.37
P687,5.29,0.31
P688,315.21,0.0
P689,121.37,0.08
P690,346.62,0.1
P691,198.32,0.27
P692,52.72,0.22
P693,223.87,0.24
P694,199.17,0.06
P695,14.4,0.21
P696,422.1,0.31
P697,17.79,0.48
P698,313.55,0.11
P699,499.58,0.24
P700,493.77,0.44
P701,63.46,0.23
P702,318.7,0.14
P703,65.52,0.15
P704,205.55,0.13
P705,233.97,0.05
P706,24.63,0.38
P707,193.54,0.45
P708,336.9,0.02
P709,63.79,0.09
P710,385.47,0.31
P711,153.91,0.46
P712,64.6,0.32
P713,49.39,0.49
P714,249.63,0.2
P715,25.78,0.27
P716,33.36,0.15
P717,82.19,0.42
P718,137.43,0.24
P719,345.3,0.36
P720,178.83,0.37
P721,103.5,0.35
P722,297.27,0.21
P723,305.99,0.41
P724,113.64,0.03
P725,262.08,0.11
P726,40.74,0.2
P727,320.07,0.36
P728,209.37,0.36
P729,457.79,0.09
P730,241.34,0.29
P731,151.18,0.13
P732,444.34,0.36
P733,200.11,0.17
P734,342.86,0.41
P735,460.79,0.26
P736,199.9,0.33
P737,225.6,0.16
P738,309.78,0.36
P739,94.72,0.42
P740,180.44,0.11
P741,285.13,0.15
P742,156.68,0.06
P743,444.02,0.12
P744,321.01,0.29
P745,165.69,0.27
P746,214.49,0.16
P747,147.37,0.29
P748,466.01,0.42
P749,91.75,0.27
P750,348.46,0.49
P751,268.71,0.11
P752,457.13,0.42
P753,162.47,0.36
P754,68.33,0.24
P755,7.57,0.22
P756,234.98,0.47
P757,267.66,0.29
P758,124.8,0.13
P759,336.55,0.18
P760,236.09,0.19
P761,307.49,0.39
P762,189.94,0.21
P763,450.23,0.22
P764,467.48,0.33
P765,403.52,0.41
P766,348.18,0.23
P767,404.85,0.37
P768,481.79,0.46
P769,348.55,0.19
P770,444.15,0.11
P771,322.71,0.13
P772,125.89,0.16
P773,75.47,0.37
P774,160.82,0.1
P775,479.74,0.27
P776,263.67,0.17
P777,319.84,0.15
P778,98.59,0.27
P779,267.23,0.13
P780,316.73,0.36
P781,22.46,0.23
P782,90.6,0.47
P783,169.67,0.16
P784,440.42,0.04
P785,317.34,0.43
P786,389.44,0.16
P787,286.44,0.46
P788,316.61,0.2
P789,337.22,0.32
P790,126.15,0.19
P791,147.34,0.26
P792,143.35,0.43
P793,19.36,0.38
P794,225.51,0.2
P795,39.88,0.28
P796,416.59,0.23
P797,267.97,0.18
P798,420.95,0.39
P799,339.43,0.41
P800,316.48,0.17
P801,168.48,0.03
P802,303.53,0.33
P803,45.19,0.1
P804,161.18,0.09
P805,284.58,0.17
P806,204.81,0.11
P807,496.42,0.25
P808,6.56,0.2
P809,240.46,0.17
P810,466.1,0.32
P811,448.11,0.49
P812,362.2,0.47
P813,134.62,0.16
P814,296.52,0.4
P815,89.16,0.3
P816,412.99,0.24
P817,359.4,0.12
P818,491.32,0.35
P819,483.61,0.23
P820,137.34,0.16
P821,167.06,0.33
P822,280.03,0.41
P823,192.05,0.48
P824,314.07,0.4
P825,57.85,0.26
P826,226.69,0.21
P827,482.86,0.35
P828,9.31,0.33
P829,338.05,0.28
P830,346.97,0.4
P831,393.87,0.3
P832,175.81,0.12
P833,459.7,0.34
P834,195.48,0.36
P835,116.94,0.08
P836,335.88,0.14
P837,60.35,0.27
P838,42.6,0.23
P839,394.68,0.23
P840,499.19,0.04
P841,9.41,0.13
P842,484.21,0.26
P843,357.75,0.2
P844,88.51,0.14
P845,171.65,0.39
P846,452.36,0.33
P847,112.58,0.27
P848,47.99,0.18
P849,483.57,0.12
P850,402.74,0.07
P851,21.94,0.1
P852,89.25,0.34
P853,52.58,0.0
P854,339.3,0.18
P855,463.44,0.29
P856,115.15,0.41
P857,455.45,0.18
P858,110.57,0.23
P859,323.42,0.08
P860,86.31,0.25
P861,57.3,0.42
P862,332.85,0.02
P863,143.15,0.3
P864,363.44,0.14
P865,198.12,0.12
P866,358.91,0.07
P867,126.61,0.23
P868,319.06,0.34
P869,77.06,0.39
P870,196.37,0.22
P871,152.41,0.45
P872,297.56,0.36
P873,120.8,0.1
P874,431.71,0.21
P875,36.13,0.47
P876,85.92,0.21
P877,415.1,0.09
P878,188.66,0.25
P879,390.26,0.19
P880,379.92,0.18
P881,260.71,0.15
P882,253.4,0.02
P883,14.68,0.3
P884,184.14,0.28
P885,212.34,0.03
P886,103.21,0.15
P887,305.08,0.2
P888,472.35,0.13
P889,238.38,0.06
P890,428.99,0.42
P891,83.8,0.26
P892,290.97,0.22
P893,220.97,0.43
P894,29.5,0.15
P895,76.54,0.2
P896,15.01,0.06
P897,380.01,0.41
P898,168.78,0.39
P899,365.57,0.41
P900,303.42,0.4
P901,280.68,0.16
P902,337.4,0.28
P903,478.73,0.25
P904,175.62,0.25
P905,139.6,0.18
P906,53.88,0.46
P907,423.58,0.34
P908,336.16,0.47
P909,292.22,0.03
P910,41.87,0.14
P911,350.86,0.18
P912,304.19,0.48
P913,452.85,0.45
P914,88.16,0.42
P915,364.68,0.17
P916,394.1,0.31
P917,416.33,0.46
P918,22.45,0.28
P919,105.27,0.2
P920,227.99,0.46
P921,473.91,0.49
P922,7.42,0.46
P923,231.68,0.25
P924,265.25,0.32
P925,234.86,0.24
P926,29.45,0.22
P927,92.9,0.36
P928,326.91,0.26
P929,349.78,0.35
P930,485.77,0.28
P931,114.43,0.28
P932,420.87,0.12
P933,429.77,0.2
P934,310.4,0.18
P935,462.75,0.03
P936,130.88,0.48
P937,196.63,0.48
P938,235.16,0.44
P939,214.02,0.16
P940,32.19,0.07
P941,199.28,0.28
P942,354.11,0.29
P943,443.94,0.14
P944,300.45,0.16
P945,479.22,0.42
P946,276.04,0.44
P947,417.57,0.45
P948,388.68,0.32
P949,24.87,0.03
P950,183.42,0.12
P951,74.53,0.36
P952,366.29,0.37
P953,222.75,0.12
P954,143.02,0.37
P955,139.83,0.38
P956,242.76,0.15
P957,415.63,0.16
P958,52.66,0.33
P959,194.14,0.45
P960,324.07,0.38
P961,87.18,0.3
P962,457.51,0.33
P963,253.58,0.42
P964,187.06,0.12
P965,445.93,0.44
P966,262.64,0.24
P967,197.1,0.12
P968,492.25,0.39
P969,471.12,0.17
P970,299.85,0.09
P971,370.14,0.16
P972,476.43,0.25
P973,79.85,0.43
P974,300.29,0.33
P975,101.3,0.17
P976,198.39,0.07
P977,76.8,0.13
P978,355.87,0.22
P979,142.2,0.08
P980,165.55,0.13
P981,76.9,0.46
P982,110.29,0.21
P983,441.66,0.32
P984,312.52,0.16
P985,125.44,0.45
P986,403.92,0.21
P987,318.64,0.21
P988,157.63,0.48
P989,145.91,0.19
P990,309.81,0.44
P991,472.9,0.05
P992,311.16,0.32
P993,48.36,0.22
P994,399.67,0.3
P995,367.1,0.17
P996,392.15,0.36
P997,498.2,0.36
P998,201.15,0.02
P999,191.11,0.48
P1000,307.2,0.36
P1001,215.69,0.19
P1002,492.67,0.25
P1003,411.08,0.05
P1004,138.0,0.4
P1005,316.89,0.02
P1006,92.08,0.15
P1007,32.61,0.2
P1008,272.41,0.5
P1009,446.51,0.13
P1010,215.95,0.32
P1011,290.6,0.43
P1012,191.59,0.19
P1013,430.17,0.18
P1014,321.21,0.47
P1015,62.8,0.12
P1016,475.02,0.26
P1017,475.59,0.08
P1018,375.15,0.16
P1019,69.4,0.44
P1020,147.57,0.22
P1021,293.57,0.39
P1022,263.66,0.24
P1023,331.98,0.23
P1024,200.39,0.11
P1025,395.47,0.03
P1026,127.14,0.49
P1027,269.08,0.04
P1028,498.56,0.07
P1029,183.0,0.49
P1030,329.21,0.12
P1031,224.26,0.39
P1032,215.18,0.38
P1033,38.24,0.24
P1034,172.81,0.45
P1035,232.96,0.25
P1036,333.31,0.47
P1037,487.65,0.44
P1038,230.56,0.02
P1039,460.52,0.02
P1040,288.35,0.19
P1041,123.4,0.36
P1042,134.56,0.4
P1043,136.48,0.2
P1044,358.21,0.04
P1045,282.17,0.07
P1046,430.38,0.43
P1047,223.32,0.46
P1048,486.88,0.5
P1049,34.04,0.09
P1050,172.09,0.43
P1051,44.51,0.23
P1052,377.72,0.14
P1053,285.59,0.49
P1054,302.52,0.32
P1055,369.71,0.39
P1056,60.24,0.25
P1057,264.07,0.11
P1058,369.73,0.38
P1059,30.71,0.38
P1060,459.03,0.03
P1061,469.04,0.25
P1062,310.69,0.06
P1063,17.9,0.45
P1064,429.57,0.16
P1065,494.17,0.07
P1066,470.83,0.48
P1067,340.2,0.17
P1068,187.72,0.14
P1069,78.56,0.22
P1070,442.53,0.06
P1071,324.66,0.01
P1072,423.36,0.29
P1073,56.79,0.28
P1074,373.92,0.48
P1075,228.67,0.43
P1076,350.37,0.02
P1077,54.59,0.45
P1078,499.97,0.11
P1079,281.11,0.45
P1080,118.22,0.3
P1081,424.01,0.15
P1082,136.57,0.21
P1083,473.54,0.11
P1084,279.24,0.09
P1085,273.1,0.26
P1086,105.91,0.02
P1087,441.36,0.32
P1088,338.32,0.36
P1089,39.69,0.24
P1090,216.9,0.16
P1091,171.53,0.23
P1092,134.31,0.28
P1093,77.34,0.46
P1094,117.22,0.13
P1095,5.89,0.14
P1096,282.07,0.19
P1097,479.76,0.16
P1098,16.32,0.13
P1099,171.85,0.11
P1100,321.4,0.26
P1101,342.81,0.28
P1102,294.31,0.41
P1103,90.7,0.1
P1104,176.47,0.45
P1105,338.4,0.01
P1106,310.06,0.38
P1107,310.12,0.46
P1108,343.69,0.46
P1109,360.21,0.3
P1110,345.26,0.41
P1111,404.31,0.1
P1112,315.78,0.24
P1113,79.75,0.12
P1114,478.16,0.12
P1115,189.06,0.09
P1116,256.74,0.23
P1117,5.31,0.48
P1118,166.6,0.36
P1119,197.14,0.37
P1120,359.68,0.31
P1121,315.34,0.37
P1122,53.95,0.36
P1123,237.27,0.26
P1124,52.57,0.31
P1125,206.21,0.01
P1126,441.98,0.39
P1127,37.3,0.44
P1128,70.77,0.39
P1129,283.07,0.36
P1130,54.8,0.15
P1131,328.75,0.13
P1132,97.28,0.46
P1133,451.64,0.37
P1134,174.68,0.03
P1135,471.02,0.02
P1136,115.15,0.47
P1137,356.05,0.28
P1138,390.52,0.14
P1139,429.47,0.32
P1140,46.28,0.03
P1141,42.6,0.01
P1142,421.24,0.1
P1143,413.57,0.05
P1144,177.48,0.33
P1145,179.11,0.29
P1146,469.78,0.37
P1147,174.5,0.12
P1148,150.74,0.32
P1149,331.3,0.42
P1150,110.78,0.18
P1151,240.32,0.23
P1152,497.72,0.39
P1153,261.72,0.27
P1154,240.6,0.42
P1155,172.66,0.07
P1156,264.39,0.03
P1157,362.22,0.14
P1158,292.16,0.19
P1159,458.99,0.05
P1160,310.08,0.23
P1161,163.13,0.03
P1162,316.16,0.19
P1163,211.24,0.14
P1164,375.44,0.31
P1165,432.4,0.37
P1166,281.95,0.38
P1167,333.99,0.28
P1168,265.33,0.01
P1169,37.86,0.3
P1170,407.46,0.14
P1171,308.46,0.2
P1172,69.2,0.21
P1173,49.88,0.2
P1174,387.46,0.26
P1175,385.27,0.07
P1176,262.15,0.21
P1177,254.26,0.17
P1178,16.0,0.34
P1179,11.31,0.37
P1180,179.3,0.44
P1181,208.53,0.06
P1182,157.99,0.16
P1183,200.38,0.29
P1184,170.77,0.36
P1185,131.74,0.4
P1186,115.11,0.38
P1187,293.2,0.34
P1188,290.79,0.28
P1189,328.74,0.28
P1190,470.44,0.33
P1191,301.88,0.25
P1192,267.11,0.18
P1193,21.94,0.41
P1194,274.83,0.22
P1195,477.33,0.45
P1196,325.83,0.01
P1197,68.32,0.2
P1198,452.2,0.35
P1199,51.19,0.26
P1200,287.54,0.01
P1201,415.02,0.22
P1202,191.92,0.02
P1203,113.95,0.42
P1204,359.38,0.48
P1205,133.9,0.46
P1206,235.77,0.3
P1207,252.57,0.29
P1208,453.6,0.34
P1209,283.09,0.46
P1210,471.1,0.19
P1211,126.47,0.05
P1212,394.49,0.47
P1213,72.52,0.2
P1214,459.07,0.35
P1215,407.88,0.33
P1216,203.81,0.34
P1217,396.39,0.44
P1218,91.23,0.44
P1219,449.64,0.2
P1220,148.58,0.29
P1221,163.24,0.07
P1222,180.78,0.39
P1223,196.61,0.4
P1224,67.15,0.29
P1225,220.35,0.42
P1226,363.72,0.21
P1227,107.94,0.24
P1228,389.33,0.21
P1229,64.62,0.36
P1230,462.11,0.01
P1231,75.58,0.41
P1232,338.21,0.27
P1233,449.78,0.03
P1234,216.94,0.38
P1235,391.17,0.08
P1236,256.3,0.25
P1237,242.31,0.25
P1238,50.01,0.17
P1239,487.15,0.11
P1240,189.59,0.48
P1241,239.32,0.01
P1242,375.28,0.31
P1243,199.01,0.1
P1244,337.02,0.14
P1245,13.51,0.23
P1246,477.23,0.19
P1247,123.64,0.1
P1248,173.74,0.28
P1249,227.11,0.06
P1250,25.83,0.21
P1251,436.34,0.41
P1252,68.6,0.25
P1253,196.49,0.01
P1254,75.55,0.41
P1255,324.0,0.48
P1256,186.72,0.28
P1257,489.3,0.26
P1258,321.63,0.1
P1259,446.96,0.35
P1260,7.44,0.43
P1261,26.91,0.01
P1262,436.78,0.02
P1263,69.65,0.22
P1264,93.31,0.32
P1265,156.39,0.28
P1266,381.28,0.06
P1267,169.23,0.5
P1268,70.72,0.21
P1269,208.71,0.29
P1270,23.3,0.11
P1271,248.91,0.25
P1272,37.38,0.33
P1273,340.68,0.25
P1274,121.76,0.22
P1275,300.36,0.36
P1276,146.5,0.1
P1277,256.86,0.29
P1278,371.5,0.27
P1279,114.13,0.15
P1280,152.02,0.24
P1281,93.32,0.06
P1282,78.33,0.34
P1283,285.57,0.37
P1284,36.07,0.2
P1285,336.89,0.38
P1286,151.91,0.02
P1287,128.83,0.42
P1288,203.78,0.13
P1289,422.95,0.35
P1290,303.81,0.14
P1291,158.85,0.41
P1292,194.38,0.44
P1293,45.48,0.1
P1294,169.51,0.04
P1295,261.65,0.5
P1296,126.89,0.03
P1297,413.44,0.23
P1298,416.43,0.18
P1299,406.91,0.34
P1300,470.21,0.48
P1301,61.65,0.33
P1302,158.64,0.32
P1303,365.16,0.04
P1304,32.73,0.35
P1305,101.02,0.46
P1306,25.9,0.11
P1307,267.21,0.37
P1308,426.23,0.07
P1309,137.27,0.38
P1310,236.73,0.07
P1311,34.33,0.14
P1312,51.63,0.26
P1313,13.09,0.49
P1314,92.33,0.14
P1315,146.95,0.2
P1316,81.48,0.16
P1317,329.85,0.33
P1318,363.38,0.01
P1319,421.63,0.32
P1320,305.09,0.43
P1321,182.93,0.13
P1322,389.17,0.21
P1323,271.29,0.21
P1324,231.58,0.15
P1325,361.47,0.03
P1326,51.58,0.06
P1327,458.68,0.45
P1328,199.24,0.01
P1329,430.98,0.42
P1330,93.0,0.24
P1331,280.5,0.35
P1332,478.23,0.36
P1333,413.44,0.49
P1334,250.6,0.26
P1335,231.17,0.3
P1336,347.44,0.14
P1337,376.86,0.43
P1338,101.33,0.01
P1339,317.93,0.02
P1340,240.42,0.17
P1341,263.02,0.18
P1342,433.62,0.3
P1343,468.35,0.1
P1344,163.76,0.36
P1345,70.18,0.42
P1346,332.82,0.11
P1347,268.3,0.49
P1348,427.11,0.43
P1349,40.09,0.47
P1350,5.96,0.22
P1351,295.2,0.29
P1352,318.33,0.37
P1353,213.81,0.39
P1354,8.33,0.08
P1355,352.56,0.06
P1356,315.37,0.26
P1357,144.66,0.09
P1358,353.24,0.24
P1359,491.33,0.48
P1360,204.23,0.27
P1361,154.13,0.27
P1362,80.57,0.47
P1363,33.93,0.36
P1364,254.46,0.08
P1365,320.49,0.45
P1366,73.93,0.12
P1367,343.27,0.16
P1368,354.71,0.37
P1369,250.12,0.09
P1370,260.57,0.28
P1371,459.76,0.32
P1372,155.57,0.07
P1373,394.8,0.03
P1374,287.56,0.07
P1375,264.03,0.02
P1376,264.25,0.21
P1377,450.07,0.26
P1378,319.25,0.18
P1379,151.58,0.31
P1380,491.93,0.28
P1381,198.58,0.29
P1382,54.98,0.08
P1383,142.69,0.4
P1384,477.85,0.3
P1385,149.48,0.41
P1386,108.74,0.04
P1387,319.97,0.31
P1388,256.71,0.22
P1389,258.44,0.33
P1390,30.97,0.35
P1391,321.77,0.3
P1392,143.12,0.09
P1393,20.49,0.22
P1394,411.56,0.22
P1395,388.24,0.37
P1396,474.44,0.11
P1397,135.36,0.22
P1398,328.8,0.42
P1399,267.72,0.32
P1400,284.41,0.26
P1401,82.01,0.38
P1402,420.78,0.49
P1403,310.68,0.4
P1404,240.54,0.45
P1405,431.76,0.22
P1406,199.43,0.49
P1407,134.57,0.23
P1408,220.06,0.13
P1409,432.77,0.45
P1410,119.08,0.2
P1411,466.87,0.15
P1412,194.68,0.18
P1413,253.68,0.16
P1414,53.73,0.42
P1415,319.75,0.32
P1416,163.18,0.08
P1417,247.11,0.13
P1418,315.23,0.03
P1419,293.64,0.17
P1420,364.73,0.33
P1421,149.62,0.27
P1422,322.97,0.25
P1423,337.83,0.04
P1424,475.51,0.16
P1425,133.34,0.03
P1426,346.56,0.13
P1427,88.24,0.15
P1428,145.35,0.0
P1429,450.66,0.23
P1430,5.14,0.33
P1431,7.53,0.44
P1432,48.23,0.25
P1433,291.0,0.06
P1434,486.49,0.18
P1435,295.12,0.09
P1436,430.78,0.19
P1437,492.88,0.29
P1438,378.66,0.19
P1439,478.71,0.05
P1440,427.79,0.32
P1441,465.95,0.37
P1442,86.41,0.13
P1443,102.62,0.16
P1444,427.57,0.2
P1445,380.64,0.4
P1446,441.76,0.2
P1447,122.57,0.39
P1448,441.4,0.03
P1449,7.47,0.45
P1450,11.53,0.34
P1451,291.44,0.26
P1452,43.63,0.05
P1453,490.95,0.48
P1454,287.95,0.03
P1455,266.84,0.09
P1456,202.43,0.15
P1457,147.01,0.08
P1458,229.43,0.32
P1459,298.96,0.33
P1460,10.15,0.19
P1461,93.4,0.42
P1462,98.91,0.07
P1463,9.91,0.35
P1464,336.03,0.3
P1465,348.19,0.12
P1466,70.7,0.44
P1467,135.72,0.33
P1468,153.7,0.26
P1469,69.45,0.12
P1470,412.06,0.43
P1471,470.62,0.36
P1472,276.3,0.0
P1473,85.3,0.41
P1474,275.43,0.16
P1475,452.03,0.16
P1476,149.3,0.11
P1477,449.06,0.5
P1478,148.17,0.09
P1479,457.27,0.08
P1480,260.39,0.3
P1481,77.61,0.4
P1482,153.29,0.38
P1483,10.98,0.04
P1484,240.16,0.26
P1485,188.27,0.49
P1486,326.19,0.44
P1487,349.83,0.24
P1488,98.78,0.09
P1489,446.46,0.38
P1490,439.71,0.41
P1491,15.5,0.26
P1492,119.08,0.05
P1493,161.2,0.39
P1494,121.19,0.02
P1495,259.94,0.19
P1496,165.61,0.21
P1497,343.37,0.44
P1498,232.9,0.06
P1499,178.93,0.42
P1500,23.53,0.28
P1501,46.55,0.15
P1502,123.5,0.28
P1503,338.79,0.44
P1504,133.21,0.05
P1505,283.88,0.41
P1506,35.21,0.41
P1507,197.34,0.11
P1508,24.74,0.32
P1509,93.03,0.03
P1510,74.8,0.05
P1511,443.27,0.04
P1512,289.59,0.18
P1513,437.58,0.17
P1514,351.83,0.28
P1515,303.01,0.47
P1516,199.91,0.11
P1517,273.34,0.07
P1518,232.12,0.33
P1519,51.46,0.36
P1520,212.34,0.04
P1521,498.82,0.03
P1522,98.06,0.44
P1523,90.9,0.24
P1524,353.9,0.46
P1525,357.06,0.1
P1526,363.99,0.46
P1527,499.62,0.29
P1528,238.09,0.13
P1529,379.2,0.33
P1530,259.24,0.14
P1531,127.14,0.32
P1532,55.16,0.38
P1533,135.74,0.32
P1534,396.05,0.44
P1535,171.34,0.12
P1536,311.83,0.05
P1537,261.23,0.43
P1538,427.73,0.27
P1539,88.12,0.31
P1540,202.56,0.5
P1541,85.03,0.32
P1542,178.48,0.44
P1543,304.78,0.35
P1544,161.43,0.41
P1545,418.16,0.32
P1546,188.13,0.46
P1547,458.6,0.3
P1548,439.41,0.46
P1549,76.65,0.17
P1550,209.35,0.18
P1551,37.58,0.46
P1552,350.8,0.15
P1553,496.41,0.27
P1554,307.35,0.42
P1555,495.67,0.43
P1556,311.8,0.15
P1557,10.07,0.38
P1558,92.59,0.46
P1559,221.79,0.1
P1560,414.98,0.25
P1561,137.04,0.17
P1562,63.64,0.41
P1563,129.9,0.44
P1564,211.3,0.04
P1565,34.93,0.09
P1566,374.23,0.29
P1567,459.75,0.19
P1568,144.06,0.17
P1569,356.91,0.35
P1570,397.36,0.17
P1571,369.08,0.36
P1572,37.36,0.07
P1573,483.27,0.46
P1574,203.78,0.16
P1575,243.21,0.4
P1576,337.38,0.2
P1577,64.07,0.22
P1578,48.74,0.01
P1579,423.88,0.33
P1580,465.82,0.49
P1581,51.71,0.26
P1582,363.83,0.1
P1583,20.41,0.32
P1584,265.75,0.34
P1585,154.12,0.07
P1586,31.94,0.07
P1587,460.01,0.35
P1588,149.64,0.22
P1589,377.65,0.04
P1590,284.54,0.14
P1591,254.15,0.08
P1592,445.03,0.43
P1593,69.06,0.41
P1594,459.42,0.46
P1595,481.18,0.48
P1596,486.87,0.45
P1597,233.17,0.36
P1598,345.0,0.17
P1599,73.09,0.25
P1600,449.73,0.17
P1601,376.73,0.21
P1602,229.21,0.11
P1603,444.65,0.11
P1604,151.29,0.14
P1605,241.25,0.15
P1606,448.3,0.18
P1607,304.86,0.22
P1608,367.3,0.49
P1609,120.27,0.13
P1610,172.82,0.48
P1611,238.47,0.45
P1612,34.73,0.24
P1613,178.75,0.34
P1614,250.88,0.39
P1615,143.11,0.03
P1616,237.12,0.14
P1617,306.67,0.15
P1618,60.82,0.26
P1619,87.32,0.08
P1620,122.43,0.31
P1621,472.84,0.16
P1622,338.28,0.06
P1623,434.68,0.25
P1624,379.56,0.41
P1625,478.35,0.32
P1626,190.41,0.14
P1627,403.72,0.17
P1628,98.32,0.11
P1629,460.62,0.31
P1630,264.83,0.27
P1631,26.67,0.5
P1632,448.67,0.26
P1633,39.47,0.41
P1634,108.79,0.45
P1635,48.64,0.46
P1636,32.44,0.3
P1637,140.5,0.43
P1638,217.91,0.04
P1639,488.12,0.49
P1640,463.65,0.2
P1641,396.1,0.4
P1642,25.9,0.33
P1643,288.28,0.26
P1644,164.78,0.17
P1645,291.06,0.5
P1646,363.52,0.24
P1647,172.32,0.37
P1648,226.34,0.34
P1649,302.48,0.18
P1650,178.6,0.12
P1651,39.35,0.06
P1652,400.34,0.0
P1653,343.87,0.08
P1654,323.67,0.03
P1655,217.26,0.32
P1656,339.06,0.12
P1657,58.52,0.25
P1658,214.34,0.16
P1659,193.8,0.3
P1660,397.38,0.06
P1661,201.59,0.26
P1662,497.86,0.12
P1663,103.24,0.48
P1664,480.13,0.3
P1665,29.68,0.12
P1666,143.42,0.19
P1667,402.72,0.48
P1668,376.01,0.46
P1669,164.81,0.06
P1670,153.13,0.15
P1671,363.17,0.41
P1672,458.36,0.0
P1673,228.12,0.35
P1674,312.28,0.42
P1675,125.9,0.42
P1676,418.42,0.45
P1677,349.74,0.48
P1678,412.94,0.37
P1679,333.25,0.04
P1680,444.21,0.19
P1681,219.59,0.29
P1682,493.61,0.44
P1683,285.24,0.35
P1684,80.85,0.12
P1685,455.8,0.24
P1686,92.12,0.45
P1687,468.74,0.41
P1688,127.15,0.34
P1689,488.34,0.45
P1690,493.82,0.06
P1691,396.29,0.01
P1692,9.61,0.11
P1693,422.88,0.34
P1694,323.61,0.12
P1695,7.09,0.06
P1696,410.31,0.45
P1697,32.86,0.25
P1698,30.48,0.01
P1699,288.85,0.47
P1700,338.1,0.24
P1701,252.03,0.38
P1702,389.28,0.28
P1703,405.44,0.34
P1704,162.45,0.19
P1705,34.83,0.39
P1706,114.72,0.38
P1707,452.09,0.48
P1708,197.91,0.1
P1709,354.62,0.24
P1710,119.02,0.14
P1711,403.88,0.4
P1712,375.57,0.29
P1713,111.18,0.02
P1714,76.48,0.48
P1715,139.75,0.38
P1716,230.95,0.26
P1717,50.48,0.26
P1718,77.13,0.14
P1719,160.25,0.03
P1720,388.26,0.45
P1721,254.71,0.18
P1722,100.95,0.48
P1723,122.14,0.31
P1724,174.14,0.18
P1725,349.31,0.11
P1726,493.76,0.1
P1727,321.21,0.19
P1728,499.17,0.03
P1729,362.56,0.32
P1730,17.75,0.14
P1731,468.85,0.05
P1732,179.2,0.23
P1733,5.17,0.07
P1734,324.9,0.23
P1735,282.1,0.04
P1736,205.47,0.32
P1737,205.45,0.44
P1738,172.99,0.3
P1739,477.86,0.14
P1740,144.39,0.25
P1741,299.69,0.05
P1742,323.75,0.37
P1743,230.97,0.37
P1744,303.62,0.21
P1745,103.36,0.04
P1746,93.69,0.19
P1747,438.7,0.33
P1748,495.4,0.37
P1749,79.16,0.49
P1750,352.69,0.4
P1751,319.23,0.29
P1752,111.08,0.32
P1753,22.49,0.27
P1754,391.34,0.36
P1755,155.31,0.38
P1756,400.69,0.47
P1757,162.8,0.36
P1758,380.23,0.45
P1759,221.18,0.5
P1760,419.59,0.37
P1761,396.07,0.25
P1762,251.9,0.32
P1763,357.78,0.09
P1764,491.95,0.45
P1765,13.32,0.4
P1766,396.29,0.28
P1767,200.85,0.44
P1768,470.91,0.43
P1769,285.13,0.18
P1770,108.61,0.5
P1771,210.44,0.47
P1772,229.7,0.48
P1773,70.49,0.1
P1774,114.52,0.25
P1775,218.25,0.12
P1776,440.33,0.18
P1777,176.27,0.46
P1778,162.81,0.24
P1779,466.7,0.0
P1780,322.59,0.45
P1781,343.56,0.36
P1782,125.57,0.22
P1783,440.24,0.13
P1784,335.69,0.3
P1785,469.09,0.3
P1786,240.41,0.39
P1787,130.61,0.5
P1788,94.31,0.44
P1789,228.6,0.32
P1790,435.91,0.08
P1791,409.96,0.48
P1792,8.44,0.4
P1793,355.08,0.34
P1794,124.97,0.47
P1795,230.42,0.47
P1796,270.25,0.12
P1797,8.53,0.34
P1798,46.04,0.05
P1799,411.68,0.11
P1800,160.64,0.26
P1801,451.0,0.41
P1802,349.0,0.03
P1803,36.9,0.27
P1804,402.04,0.4
P1805,18.93,0.39
P1806,255.44,0.33
P1807,225.23,0.15
P1808,141.3,0.42
P1809,314.62,0.0
P1810,137.93,0.45
P1811,106.27,0.45
P1812,234.8,0.45
P1813,390.77,0.48
P1814,139.26,0.25
P1815,430.44,0.23
P1816,216.32,0.38
P1817,25.4,0.48
P1818,25.77,0.07
P1819,6.96,0.23
P1820,490.58,0.48
P1821,65.11,0.41
P1822,382.56,0.22
P1823,138.23,0.46
P1824,166.72,0.49
P1825,454.42,0.03
P1826,79.06,0.12
P1827,41.84,0.1
P1828,245.77,0.41
P1829,42.95,0.34
P1830,77.67,0.04
P1831,108.29,0.18
P1832,37.82,0.15
P1833,348.42,0.42
P1834,281.8,0.48
P1835,273.28,0.46
P1836,120.35,0.5
P1837,368.3,0.32
P1838,301.08,0.46
P1839,381.46,0.33
P1840,405.44,0.46
P1841,341.62,0.22
P1842,456.32,0.24
P1843,484.59,0.17
P1844,188.96,0.36
P1845,495.4,0.07
P1846,226.33,0.11
P1847,101.4,0.22
P1848,491.48,0.14
P1849,359.7,0.24
P1850,327.58,0.18
P1851,498.41,0.07
P1852,460.98,0.48
P1853,290.49,0.36
P1854,332.36,0.07
P1855,190.18,0.02
P1856,453.81,0.42
P1857,196.66,0.19
P1858,468.05,0.05
P1859,344.92,0.4
P1860,397.66,0.45
P1861,269.87,0.26
P1862,10.18,0.44
P1863,489.29,0.36
P1864,163.42,0.12
P1865,399.23,0.14
P1866,400.76,0.06
P1867,206.9,0.37
P1868,192.21,0.02
P1869,217.43,0.12
P1870,255.77,0.43
P1871,88.27,0.29
P1872,401.8,0.21
P1873,146.42,0.34
P1874,176.55,0.37
P1875,10.09,0.47
P1876,272.85,0.19
P1877,207.53,0.38
P1878,474.37,0.04
P1879,391.34,0.24
P1880,143.61,0.27
P1881,249.7,0.39
P1882,336.6,0.43
P1883,385.17,0.47
P1884,355.41,0.43
P1885,80.32,0.4
P1886,362.27,0.5
P1887,446.43,0.26
P1888,109.98,0.48
P1889,150.61,0.22
P1890,257.11,0.36
P1891,370.14,0.39
P1892,366.51,0.04
P1893,196.13,0.19
P1894,110.34,0.43
P1895,75.55,0.1
P1896,162.74,0.21
P1897,280.06,0.25
P1898,165.34,0.31
P1899,105.07,0.1
P1900,210.4,0.06
P1901,328.19,0.26
P1902,111.46,0.02
P1903,491.01,0.27
P1904,349.42,0.3
P1905,397.48,0.22
P1906,445.56,0.31
P1907,376.55,0.2
P1908,393.24,0.35
P1909,456.67,0.44
P1910,44.64,0.06
P1911,37.69,0.18
P1912,328.32,0.26
P1913,286.52,0.3
P1914,152.43,0.31
P1915,395.78,0.39
P1916,288.39,0.24
P1917,329.58,0.49
P1918,146.38,0.44
P1919,286.09,0.17
P1920,278.53,0.49
P1921,345.05,0.2
P1922,234.07,0.21
P1923,67.94,0.36
P1924,160.61,0.46
P1925,259.69,0.13
P1926,456.03,0.4
P1927,362.28,0.38
P1928,178.77,0.21
P1929,209.98,0.39
P1930,356.97,0.05
P1931,85.66,0.27
P1932,71.17,0.14
P1933,176.71,0.11
P1934,361.06,0.16
P1935,163.88,0.38
P1936,448.69,0.43
P1937,465.06,0.08
P1938,215.37,0.26
P1939,26.21,0.1
P1940,140.03,0.39
P1941,27.84,0.46
P1942,102.53,0.33
P1943,123.01,0.17
P1944,217.85,0.17
P1945,171.13,0.31
P1946,283.77,0.06
P1947,11.16,0.45
P1948,480.36,0.25
P1949,98.03,0.32
P1950,431.12,0.24
P1951,253.34,0.02
P1952,244.63,0.06
P1953,341.92,0.15
P1954,437.81,0.01
P1955,263.29,0.09
P1956,174.41,0.32
P1957,423.85,0.14
P1958,25.43,0.31
P1959,105.97,0.31
P1960,232.57,0.27
P1961,77.86,0.31
P1962,162.62,0.26
P1963,450.39,0.29
P1964,265.55,0.07
P1965,233.75,0.11
P1966,340.8,0.11
P1967,494.13,0.3
P1968,48.58,0.36
P1969,176.06,0.42
P1970,343.63,0.35
P1971,466.1,0.47
P1972,211.77,0.18
P1973,124.31,0.24
P1974,423.84,0.07
P1975,189.66,0.12
P1976,382.38,0.32
P1977,105.26,0.35
P1978,177.61,0.21
P1979,476.56,0.33
P1980,327.84,0.17
P1981,75.79,0.42
P1982,25.1,0.2
P1983,372.14,0.29
P1984,286.94,0.25
P1985,372.66,0.14
P1986,369.84,0.31
P1987,244.7,0.48
P1988,290.57,0.38
P1989,455.88,0.09
P1990,85.46,0.13
P1991,259.87,0.06
P1992,401.96,0.23
P1993,191.61,0.13
P1994,308.87,0.16
P1995,272.08,0.32
P1996,450.37,0.34
P1997,355.87,0.12
P1998,377.0,0.16
P1999,216.29,0.49
P2000,240.88,0.26
P2001,354.29,0.43
P2002,176.86,0.39
P2003,241.9,0.41
P2004,468.11,0.15
P2005,52.88,0.0
P2006,485.3,0.24
P2007,390.39,0.37
P2008,182.82,0.22
P2009,223.9,0.29
P2010,252.85,0.13
P2011,88.91,0.09
P2012,262.47,0.01
P2013,22.31,0.02
P2014,424.26,0.5
P2015,88.11,0.04
P2016,39.86,0.28
P2017,483.4,0.24
P2018,464.6,0.34
P2019,162.0,0.18
P2020,341.36,0.43
P2021,202.99,0.37
P2022,55.84,0.33
P2023,234.75,0.11
P2024,84.16,0.48
P2025,80.33,0.13
P2026,188.8,0.18
P2027,447.9,0.07
P2028,120.52,0.18
P2029,444.12,0.47
P2030,29.5,0.34
P2031,30.7,0.31
P2032,261.83,0.13
P2033,15.56,0.18
P2034,306.94,0.44
P2035,236.83,0.08
P2036,153.01,0.17
P2037,490.16,0.1
P2038,339.89,0.49
P2039,394.63,0.49
P2040,497.39,0.06
P2041,349.89,0.14
P2042,178.18,0.45
P2043,291.99,0.15
P2044,224.6,0.1
P2045,140.75,0.25
P2046,208.76,0.31
P2047,215.03,0.14
P2048,272.49,0.34
P2049,146.88,0.23
P2050,187.04,0.17
P2051,258.36,0.5
P2052,375.26,0.46
P2053,242.24,0.07
P2054,266.31,0.02
P2055,377.84,0.45
P2056,55.65,0.17
P2057,37.72,0.48
P2058,415.97,0.41
P2059,86.47,0.46
P2060,405.91,0.26
P2061,18.99,0.31
P2062,257.81,0.08
P2063,441.72,0.22
P2064,420.31,0.22
P2065,381.96,0.48
P2066,138.19,0.09
P2067,379.92,0.09
P2068,294.16,0.05
P2069,108.25,0.42
P2070,30.83,0.25
P2071,488.36,0.11
P2072,93.87,0.23
P2073,401.45,0.07
P2074,25.35,0.19
P2075,91.46,0.48
P2076,300.07,0.41
P2077,177.09,0.34
P2078,93.96,0.47
P2079,409.33,0.25
P2080,364.78,0.3
P2081,37.63,0.42
P2082,359.27,0.29
P2083,354.51,0.01
P2084,283.74,0.26
P2085,264.23,0.36
P2086,422.59,0.49
P2087,116.01,0.37
P2088,497.46,0.28
P2089,138.81,0.24
P2090,62.91,0.47
P2091,218.88,0.44
P2092,320.76,0.12
P2093,315.06,0.39
P2094,415.52,0.22
P2095,11.52,0.11
P2096,137.62,0.29
P2097,378.35,0.32
P2098,499.86,0.29
P2099,312.18,0.31
P2100,453.15,0.15
P2101,230.27,0.47
P2102,412.41,0.23
P2103,430.0,0.36
P2104,31.62,0.44
P2105,424.9,0.21
P2106,121.97,0.21
P2107,449.89,0.22
P2108,129.39,0.07
P2109,236.43,0.34
P2110,109.23,0.48
P2111,364.31,0.29
P2112,381.66,0.07
P2113,418.84,0.3
P2114,294.41,0.32
P2115,142.65,0.31
P2116,222.75,0.39
P2117,189.54,0.48
P2118,114.71,0.48
P2119,397.48,0.42
P2120,131.91,0.22
P2121,51.03,0.25
P2122,15.04,0.44
P2123,444.86,0.08
P2124,29.5,0.0
P2125,477.97,0.46
P2126,213.89,0.46
P2127,305.4,0.34
P2128,182.82,0.42
P2129,141.82,0.46
P2130,112.44,0.24
P2131,394.63,0.07
P2132,316.68,0.38
P2133,269.64,0.5
P2134,121.82,0.44
P2135,237.06,0.28
P2136,412.79,0.24
P2137,326.83,0.3
P2138,289.31,0.48
P2139,147.07,0.05
P2140,299.25,0.43
P2141,448.52,0.11
P2142,340.43,0.22
P2143,256.31,0.47
P2144,101.76,0.25
P2145,205.31,0.08
P2146,75.58,0.16
P2147,346.74,0.04
P2148,173.17,0.06
P2149,26.48,0.41
P2150,190.78,0.36
P2151,72.22,0.3
P2152,334.21,0.26
P2153,455.11,0.05
P2154,140.39,0.25
P2155,126.81,0.38
P2156,332.35,0.12
P2157,224.23,0.29
P2158,185.46,0.14
P2159,253.86,0.01
P2160,112.29,0.25
P2161,229.78,0.45
P2162,432.66,0.07
P2163,96.28,0.12
P2164,442.54,0.17
P2165,115.02,0.27
P2166,127.97,0.25
P2167,266.44,0.16
P2168,322.68,0.04
P2169,420.22,0.21
P2170,35.91,0.03
P2171,487.72,0.17
P2172,75.99,0.03
P2173,189.51,0.21
P2174,213.06,0.21
P2175,392.64,0.27
P2176,404.21,0.37
P2177,378.8,0.36
P2178,194.18,0.2
P2179,46.54,0.19
P2180,250.24,0.44
P2181,205.56,0.1
P2182,259.83,0.21
P2183,246.76,0.15
P2184,343.26,0.16
P2185,372.76,0.49
P2186,249.38,0.43
P2187,71.82,0.26
P2188,302.71,0.46
P2189,398.08,0.16
P2190,413.99,0.3
P2191,141.36,0.18
P2192,419.44,0.3
P2193,379.13,0.34
P2194,297.39,0.2
P2195,383.03,0.09
P2196,380.0,0.3
P2197,378.79,0.46
P2198,257.74,0.46
P2199,284.9,0.35
P2200,164.28,0.31
P2201,189.59,0.15
P2202,382.98,0.19
P2203,79.86,0.3
P2204,229.23,0.43
P2205,473.46,0.19
P2206,335.31,0.37
P2207,121.33,0.4
P2208,265.94,0.5
P2209,323.7,0.46
P2210,21.25,0.36
P2211,209.09,0.2
P2212,161.79,0.01
P2213,375.77,0.18
P2214,365.12,0.31
P2215,372.52,0.26
P2216,314.95,0.03
P2217,254.11,0.4
P2218,213.02,0.45
P2219,457.9,0.46
P2220,322.72,0.48
P2221,357.92,0.05
P2222,310.74,0.09
P2223,217.58,0.44
P2224,136.39,0.22
P2225,104.96,0.4
P2226,203.05,0.25
P2227,324.05,0.39
P2228,127.56,0.08
P2229,412.36,0.05
P2230,51.5,0.37
P2231,23.98,0.4
P2232,209.45,0.18
P2233,53.22,0.28
P2234,181.63,0.14
P2235,438.48,0.34
P2236,102.14,0.37
P2237,231.68,0.48
P2238,232.13,0.49
P2239,153.43,0.01
P2240,344.23,0.09
P2241,167.96,0.06
P2242,311.3,0.04
P2243,430.9,0.37
P2244,413.85,0.26
P2245,360.52,0.42
P2246,298.84,0.39
P2247,81.19,0.24
P2248,487.69,0.09
P2249,48.72,0.23
P2250,257.79,0.45
P2251,395.93,0.43
P2252,356.72,0.07
P2253,42.59,0.48
P2254,204.73,0.28
P2255,176.17,0.39
P2256,244.34,0.0
P2257,353.15,0.4
P2258,495.46,0.05
P2259,38.56,0.19
P2260,122.57,0.19
P2261,415.28,0.22
P2262,157.63,0.4
P2263,491.7,0.44
P2264,114.78,0.29
P2265,142.78,0.1
P2266,68.29,0.45
P2267,323.55,0.18
P2268,236.05,0.37
P2269,38.41,0.11
P2270,336.12,0.24
P2271,164.05,0.4
P2272,442.44,0.24
P2273,469.94,0.07
P2274,215.72,0.43
P2275,113.89,0.03
P2276,47.85,0.36
P2277,343.83,0.27
P2278,298.17,0.22
P2279,428.28,0.33
P2280,184.25,0.1
P2281,419.93,0.26
P2282,183.79,0.32
P2283,5.35,0.27
P2284,130.88,0.28
P2285,188.52,0.28
P2286,179.64,0.09
P2287,250.86,0.24
P2288,18.28,0.24
P2289,327.58,0.23
P2290,416.58,0.11
P2291,198.78,0.2
P2292,427.75,0.22
P2293,259.59,0.47
P2294,197.14,0.08
P2295,498.32,0.07
P2296,335.95,0.08
P2297,496.81,0.37
P2298,182.47,0.16
P2299,7.78,0.16
P2300,219.09,0.23
P2301,123.68,0.4
P2302,191.49,0.47
P2303,357.86,0.05
P2304,394.5,0.21
P2305,488.79,0.25
P2306,450.6,0.0
P2307,65.28,0.36
P2308,271.45,0.17
P2309,40.3,0.31
P2310,470.89,0.47
P2311,165.45,0.49
P2312,236.61,0.46
P2313,85.22,0.34
P2314,359.72,0.49
P2315,116.23,0.41
P2316,262.6,0.02
P2317,111.75,0.12
P2318,430.07,0.33
P2319,383.13,0.07
P2320,377.43,0.3
P2321,404.46,0.14
P2322,307.72,0.5
P2323,381.65,0.05
P2324,127.74,0.4
P2325,253.64,0.46
P2326,245.19,0.13
P2327,253.98,0.3
P2328,107.53,0.31
P2329,406.84,0.23
P2330,440.64,0.37
P2331,96.31,0.47
P2332,208.39,0.39
P2333,320.3,0.24
P2334,82.85,0.42
P2335,481.94,0.15
P2336,315.15,0.15
P2337,438.5,0.21
P2338,249.0,0.09
P2339,19.45,0.4
P2340,472.21,0.48
P2341,74.27,0.24
P2342,474.61,0.36
P2343,185.17,0.13
P2344,351.04,0.13
P2345,216.59,0.3
P2346,161.08,0.11
P2347,451.92,0.07
P2348,210.56,0.04
P2349,465.44,0.4
P2350,368.97,0.22
P2351,478.11,0.46
P2352,384.48,0.06
P2353,246.75,0.23
P2354,289.9,0.3
P2355,457.21,0.15
P2356,63.66,0.2
P2357,146.6,0.06
P2358,365.19,0.3
P2359,79.54,0.29
P2360,60.39,0.09
P2361,155.44,0.4
P2362,445.42,0.37
P2363,375.02,0.01
P2364,150.61,0.01
P2365,12.69,0.18
P2366,453.34,0.47
P2367,178.79,0.03
P2368,26.46,0.39
P2369,175.07,0.32
P2370,365.53,0.18
P2371,316.52,0.22
P2372,445.19,0.35
P2373,429.27,0.11
P2374,189.59,0.14
P2375,334.64,0.2
P2376,22.16,0.31
P2377,252.88,0.47
P2378,24.81,0.01
P2379,355.67,0.25
P2380,163.0,0.14
P2381,407.25,0.15
P2382,174.67,0.26
P2383,440.45,0.11
P2384,490.98,0.06
P2385,15.36,0.1
P2386,99.62,0.35
P2387,469.6,0.11
P2388,21.45,0.16
P2389,198.08,0.45
P2390,148.39,0.13
P2391,443.33,0.48
P2392,101.63,0.21
P2393,411.77,0.08
P2394,69.06,0.0
P2395,112.98,0.14
P2396,51.88,0.06
P2397,166.34,0.19
P2398,422.29,0.18
P2399,280.0,0.24
P2400,396.57,0.33
P2401,144.34,0.07
P2402,154.94,0.06
P2403,482.09,0.31
P2404,154.29,0.31
P2405,279.56,0.09
P2406,375.48,0.47
P2407,358.25,0.03
P2408,76.33,0.03
P2409,61.86,0.04
P2410,66.47,0.49
P2411,115.57,0.23
P2412,486.31,0.17
P2413,418.77,0.48
P2414,396.51,0.48
P2415,60.5,0.37
P2416,62.67,0.48
P2417,273.82,0.15
P2418,301.34,0.46
P2419,281.07,0.24
P2420,283.62,0.2
P2421,335.44,0.02
P2422,199.16,0.42
P2423,395.38,0.16
P2424,249.88,0.44
P2425,328.46,0.16
P2426,101.02,0.47
P2427,16.68,0.16
P2428,101.75,0.02
P2429,53.68,0.43
P2430,454.52,0.12
P2431,160.38,0.25
P2432,108.6,0.27
P2433,439.61,0.2
P2434,302.5,0.28
P2435,53.55,0.38
P2436,454.63,0.48
P2437,332.12,0.05
P2438,344.6,0.0
P2439,335.09,0.3
P2440,80.13,0.33
P2441,41.79,0.33
P2442,270.6,0.47
P2443,222.66,0.42
P2444,164.27,0.03
P2445,325.79,0.09
P2446,389.83,0.48
P2447,440.97,0.22
P2448,273.63,0.19
P2449,487.21,0.19
P2450,212.11,0.38
P2451,364.35,0.33
P2452,113.59,0.4
P2453,339.14,0.45
P2454,130.37,0.13
P2455,402.85,0.23
P2456,407.36,0.26
P2457,478.42,0.3
P2458,449.97,0.15
P2459,304.54,0.07
P2460,441.29,0.01
P2461,252.38,0.47
P2462,32.7,0.11
P2463,132.05,0.05
P2464,357.22,0.31
P2465,19.51,0.08
P2466,246.42,0.08
P2467,261.55,0.19
P2468,343.67,0.09
P2469,424.73,0.48
P2470,298.06,0.48
P2471,225.21,0.43
P2472,256.24,0.45
P2473,366.53,0.31
P2474,192.7,0.32
P2475,226.99,0.02
P2476,188.0,0.17
P2477,68.11,0.18
P2478,339.04,0.46
P2479,335.5,0.15
P2480,489.73,0.31
P2481,56.58,0.21
P2482,417.83,0.12
P2483,439.54,0.35
P2484,449.12,0.32
P2485,300.67,0.05
P2486,97.02,0.03
P2487,358.78,0.17
P2488,57.6,0.14
P2489,112.01,0.33
P2490,94.02,0.44
P2491,219.62,0.19
P2492,274.82,0.39
P2493,186.32,0.15
P2494,452.49,0.15
P2495,264.29,0.5
P2496,441.34,0.17
P2497,83.23,0.08
P2498,80.49,0.49
P2499,18.18,0.49
P2500,243.47,0.41
P2501,194.24,0.38
P2502,453.45,0.09
P2503,214.3,0.28
P2504,324.49,0.09
P2505,414.25,0.37
P2506,302.3,0.32
P2507,181.23,0.06
P2508,481.88,0.4
P2509,70.4,0.31
P2510,156.16,0.01
P2511,320.25,0.33
P2512,143.95,0.19
P2513,95.8,0.27
P2514,284.27,0.02
P2515,343.85,0.22
P2516,401.14,0.19
P2517,267.3,0.44
P2518,55.21,0.1
P2519,238.53,0.34
P2520,200.3,0.43
P2521,453.64,0.2
P2522,269.37,0.34
P2523,337.98,0.23
P2524,171.43,0.02
P2525,12.32,0.06
P2526,382.9,0.45
P2527,163.06,0.01
P2528,139.05,0.34
P2529,465.13,0.19
P2530,450.44,0.45
P2531,365.37,0.27
P2532,105.54,0.38
P2533,97.67,0.43
P2534,280.36,0.07
P2535,443.73,0.27
P2536,441.54,0.3
P2537,153.2,0.39
P2538,487.19,0.12
P2539,24.48,0.37
P2540,200.19,0.1
P2541,433.11,0.37
P2542,452.6,0.21
P2543,168.55,0.24
P2544,291.74,0.34
P2545,266.4,0.11
P2546,404.39,0.15
P2547,327.59,0.47
P2548,70.78,0.34
P2549,272.2,0.02
P2550,198.49,0.33
P2551,460.53,0.12
P2552,281.63,0.02
P2553,192.25,0.21
P2554,31.62,0.01
P2555,55.39,0.02
P2556,192.11,0.49
P2557,230.24,0.43
P2558,65.88,0.12
P2559,13.45,0.29
P2560,349.93,0.1
P2561,314.66,0.16
P2562,453.82,0.12
P2563,60.31,0.23
P2564,364.75,0.14
P2565,31.95,0.17
P2566,161.88,0.28
P2567,99.93,0.15
P2568,356.87,0.01
P2569,112.49,0.05
P2570,112.54,0.13
P2571,396.73,0.11
P2572,43.46,0.35
P2573,175.26,0.15
P2574,49.73,0.3
P2575,258.3,0.39
P2576,93.0,0.46
P2577,398.62,0.43
P2578,23.75,0.42
P2579,342.63,0.05
P2580,490.86,0.15
P2581,423.71,0.31
P2582,204.08,0.24
P2583,436.0,0.4
P2584,256.81,0.43
P2585,499.3,0.45
P2586,251.32,0.12
P2587,441.65,0.39
P2588,27.18,0.15
P2589,327.84,0.13
P2590,241.7,0.02
P2591,222.42,0.34
P2592,489.95,0.14
P2593,205.43,0.15
P2594,181.83,0.06
P2595,228.29,0.43
P2596,241.38,0.07
P2597,247.9,0.22
P2598,255.59,0.2
P2599,475.87,0.2
P2600,36.78,0.49
P2601,169.36,0.16
P2602,114.02,0.5
P2603,161.11,0.41
P2604,387.93,0.11
P2605,240.8,0.1
P2606,288.56,0.42
P2607,166.88,0.35
P2608,320.1,0.3
P2609,239.93,0.22
P2610,43.3,0.01
P2611,400.62,0.47
P2612,16.13,0.48
P2613,176.38,0.35
P2614,177.99,0.19
P2615,278.23,0.31
P2616,160.78,0.4
P2617,276.97,0.08
P2618,82.91,0.27
P2619,391.5,0.02
P2620,302.44,0.03
P2621,457.94,0.29
P2622,135.81,0.17
P2623,93.74,0.18
P2624,104.37,0.1
P2625,166.74,0.27
P2626,453.11,0.4
P2627,167.26,0.5
P2628,416.63,0.02
P2629,292.96,0.03
P2630,82.89,0.2
P2631,239.1,0.13
P2632,250.12,0.12
P2633,225.54,0.04
P2634,424.51,0.49
P2635,197.49,0.38
P2636,328.8,0.36
P2637,22.74,0.02
P2638,125.74,0.09
P2639,22.46,0.45
P2640,482.71,0.5
P2641,430.51,0.39
P2642,361.02,0.28
P2643,446.27,0.3
P2644,420.33,0.35
P2645,244.61,0.34
P2646,188.62,0.28
P2647,470.81,0.13
P2648,264.41,0.22
P2649,51.64,0.26
P2650,166.8,0.03
P2651,123.66,0.19
P2652,313.47,0.11
P2653,10.4,0.18
P2654,466.87,0.34
P2655,79.7,0.02
P2656,141.3,0.16
P2657,314.11,0.01
P2658,324.82,0.47
P2659,103.31,0.46
P2660,122.55,0.43
P2661,301.83,0.29
P2662,202.09,0.05
P2663,29.17,0.35
P2664,486.37,0.21
P2665,161.58,0.32
P2666,111.88,0.18
P2667,450.46,0.29
P2668,96.55,0.41
P2669,354.22,0.06
P2670,302.01,0.2
P2671,380.25,0.38
P2672,158.88,0.11
P2673,103.14,0.19
P2674,352.29,0.12
P2675,50.27,0.01
P2676,42.3,0.32
P2677,275.13,0.3
P2678,114.44,0.39
P2679,225.8,0.28
P2680,433.88,0.15
P2681,213.46,0.48
P2682,338.29,0.39
P2683,160.11,0.44
P2684,14.18,0.01
P2685,367.76,0.43
P2686,489.06,0.45
P2687,208.73,0.02
P2688,472.75,0.01
P2689,212.08,0.41
P2690,94.93,0.3
P2691,252.99,0.29
P2692,111.75,0.08
P2693,93.11,0.2
P2694,41.73,0.24
P2695,133.92,0.09
P2696,32.2,0.3
P2697,34.67,0.31
P2698,55.84,0.44
P2699,332.48,0.32
P2700,331.99,0.46
P2701,93.93,0.41
P2702,482.63,0.44
P2703,397.65,0.13
P2704,234.21,0.23
P2705,145.39,0.46
P2706,398.16,0.23
P2707,241.33,0.05
P2708,17.01,0.21
P2709,126.29,0.24
P2710,140.67,0.19
P2711,466.17,0.48
P2712,137.43,0.08
P2713,179.89,0.34
P2714,231.32,0.08
P2715,264.29,0.4
P2716,268.62,0.42
P2717,199.25,0.3
P2718,399.93,0.45
P2719,50.6,0.26
P2720,7.31,0.25
P2721,480.61,0.37
P2722,151.01,0.33
P2723,120.87,0.21
P2724,476.47,0.18
P2725,109.26,0.33
P2726,323.76,0.02
P2727,321.97,0.33
P2728,364.75,0.08
P2729,129.84,0.13
P2730,16.27,0.12
P2731,366.65,0.36
P2732,472.87,0.07
P2733,278.28,0.38
P2734,326.25,0.29
P2735,337.51,0.39
P2736,152.52,0.25
P2737,481.51,0.46
P2738,282.86,0.21
P2739,456.86,0.27
P2740,24.47,0.09
P2741,273.35,0.22
P2742,166.99,0.39
P2743,99.55,0.18
P2744,158.18,0.34
P2745,451.29,0.3
P2746,340.37,0.43
P2747,215.48,0.31
P2748,307.37,0.34
P2749,272.91,0.45
P2750,430.52,0.4
P2751,184.39,0.35
P2752,249.25,0.45
P2753,33.75,0.16
P2754,441.5,0.37
P2755,346.39,0.26
P2756,341.42,0.37
P2757,369.45,0.24
P2758,380.3,0.4
P2759,113.32,0.28
P2760,264.91,0.01
P2761,63.77,0.36
P2762,102.66,0.32
P2763,439.6,0.15
P2764,179.25,0.2
P2765,121.42,0.3
P2766,490.71,0.09
P2767,462.53,0.16
P2768,264.13,0.1
P2769,196.45,0.42
P2770,308.81,0.49
P2771,267.73,0.01
P2772,22.42,0.04
P2773,415.01,0.01
P2774,242.27,0.44
P2775,432.67,0.38
P2776,80.61,0.3
P2777,459.75,0.32
P2778,86.25,0.04
P2779,15.57,0.28
P2780,390.07,0.31
P2781,136.93,0.32
P2782,305.03,0.23
P2783,107.92,0.24
P2784,277.31,0.27
P2785,269.9,0.38
P2786,152.16,0.31
P2787,302.37,0.32
P2788,58.9,0.48
P2789,333.53,0.3
P2790,326.09,0.01
P2791,427.67,0.15
P2792,147.61,0.38
P2793,229.06,0.48
P2794,402.02,0.16
P2795,197.66,0.08
P2796,442.14,0.07
P2797,249.28,0.42
P2798,196.52,0.16
P2799,402.72,0.36
P2800,282.27,0.17
P2801,32.08,0.16
P2802,407.16,0.17
P2803,31.09,0.3
P2804,32.12,0.13
P2805,241.53,0.08
P2806,126.6,0.46
P2807,87.83,0.07
P2808,67.93,0.49
P2809,400.82,0.24
P2810,97.22,0.08
P2811,184.94,0.41
P2812,36.35,0.49
P2813,115.25,0.14
P2814,74.98,0.18
P2815,449.79,0.07
P2816,435.34,0.21
P2817,495.2,0.32
P2818,199.28,0.24
P2819,62.14,0.49
P2820,411.06,0.12
P2821,382.57,0.07
P2822,355.12,0.3
P2823,230.04,0.29
P2824,328.68,0.28
P2825,216.8,0.49
P2826,5.93,0.31
P2827,134.77,0.22
P2828,232.18,0.06
P2829,304.66,0.18
P2830,451.5,0.18
P2831,176.3,0.03
P2832,356.6,0.34
P2833,388.34,0.19
P2834,347.03,0.05
P2835,28.48,0.4
P2836,300.36,0.32
P2837,135.66,0.18
P2838,54.14,0.08
P2839,477.94,0.41
P2840,470.68,0.36
P2841,195.65,0.23
P2842,11.59,0.14
P2843,231.39,0.07
P2844,373.77,0.32
P2845,305.02,0.07
P2846,374.33,0.17
P2847,107.35,0.3
P2848,115.25,0.05
P2849,482.83,0.12
P2850,152.84,0.06
P2851,41.46,0.07
P2852,41.59,0.42
P2853,131.15,0.27
P2854,295.3,0.24
P2855,122.55,0.2
P2856,49.82,0.4
P2857,133.0,0.02
P2858,47.74,0.04
P2859,499.24,0.22
P2860,292.85,0.19
P2861,136.61,0.23
P2862,342.88,0.18
P2863,223.61,0.28
P2864,403.39,0.29
P2865,124.63,0.29
P2866,405.1,0.0
P2867,317.32,0.06
P2868,490.27,0.11
P2869,245.43,0.46
P2870,258.17,0.0
P2871,121.8,0.07
P2872,106.97,0.45
P2873,219.13,0.17
P2874,306.81,0.18
P2875,373.42,0.06
P2876,70.59,0.06
P2877,349.39,0.04
P2878,84.93,0.02
P2879,432.99,0.45
P2880,80.79,0.44
P2881,327.86,0.03
P2882,398.4,0.11
P2883,91.27,0.27
P2884,25.95,0.26
P2885,347.31,0.48
P2886,405.92,0.34
P2887,214.97,0.31
P2888,489.43,0.37
P2889,309.65,0.35
P2890,391.45,0.49
P2891,40.93,0.28
P2892,102.14,0.13
P2893,413.9,0.31
P2894,432.05,0.18
P2895,161.62,0.28
P2896,408.01,0.19
P2897,258.0,0.2
P2898,42.23,0.29
P2899,320.47,0.31
P2900,151.81,0.01
P2901,296.46,0.01
P2902,461.27,0.35
P2903,98.82,0.3
P2904,315.6,0.12
P2905,237.24,0.21
P2906,108.14,0.15
P2907,435.57,0.29
P2908,149.63,0.3
P2909,99.33,0.11
P2910,228.64,0.42
P2911,454.65,0.13
P2912,352.07,0.49
P2913,16.43,0.15
P2914,308.9,0.36
P2915,65.09,0.27
P2916,58.84,0.28
P2917,208.0,0.02
P2918,164.26,0.25
P2919,47.16,0.07
P2920,426.32,0.34
P2921,160.07,0.15
P2922,324.57,0.21
P2923,245.84,0.4
P2924,399.09,0.43
P2925,200.31,0.13
P2926,429.27,0.02
P2927,483.14,0.37
P2928,103.78,0.15
P2929,234.85,0.39
P2930,409.37,0.35
P2931,86.38,0.12
P2932,402.29,0.03
P2933,440.73,0.26
P2934,445.9,0.25
P2935,324.84,0.06
P2936,86.95,0.2
P2937,161.08,0.26
P2938,283.09,0.26
P2939,196.41,0.43
P2940,65.98,0.24
P2941,391.89,0.45
P2942,340.84,0.27
P2943,66.78,0.35
P2944,112.52,0.21
P2945,350.98,0.1
P2946,375.84,0.24
P2947,470.09,0.44
P2948,17.03,0.18
P2949,378.0,0.19
P2950,183.7,0.2
P2951,126.3,0.32
P2952,353.82,0.17
P2953,271.07,0.09
P2954,378.35,0.13
P2955,290.7,0.34
P2956,462.03,0.34
P2957,428.61,0.35
P2958,483.1,0.38
P2959,132.65,0.12
P2960,323.98,0.22
P2961,388.81,0.08
P2962,172.76,0.24
P2963,387.46,0.04
P2964,452.41,0.49
P2965,9.77,0.4
P2966,226.69,0.27
P2967,175.06,0.35
P2968,54.48,0.49
P2969,456.89,0.37
P2970,89.92,0.34
P2971,496.86,0.11
P2972,476.53,0.01
P2973,345.12,0.1
P2974,132.09,0.19
P2975,201.36,0.01
P2976,318.77,0.48
P2977,221.47,0.4
P2978,284.2,0.36
P2979,396.02,0.34
P2980,358.43,0.39
P2981,111.94,0.04
P2982,486.07,0.49
P2983,152.61,0.14
P2984,65.55,0.36
P2985,320.73,0.06
P2986,75.13,0.44
P2987,8.88,0.05
P2988,413.41,0.05
P2989,118.42,0.46
P2990,450.81,0.1
P2991,304.18,0.32
P2992,46.36,0.35
P2993,217.03,0.19
P2994,161.82,0.41
P2995,168.53,0.24
P2996,16.13,0.22
P2997,89.82,0.42
P2998,169.1,0.03
P2999,139.59,0.48
P3000,195.32,0.29
P3001,314.49,0.01
P3002,482.86,0.34
P3003,431.38,0.37
P3004,374.89,0.02
P3005,294.79,0.44
P3006,266.54,0.03
P3007,311.3,0.14
P3008,485.59,0.42
P3009,425.96,0.34
P3010,357.48,0.44
P3011,346.87,0.26
P3012,240.02,0.48
P3013,290.02,0.06
P3014,186.89,0.26
P3015,487.14,0.27
P3016,147.44,0.35
P3017,447.27,0.15
P3018,268.99,0.33
P3019,104.33,0.36
P3020,148.22,0.37
P3021,120.44,0.24
P3022,27.36,0.04
P3023,270.97,0.25
P3024,400.4,0.21
P3025,20.69,0.36
P3026,8.09,0.29
P3027,346.65,0.46
P3028,482.28,0.32
P3029,15.32,0.08
P3030,418.47,0.25
P3031,430.39,0.43
P3032,423.55,0.04
P3033,324.97,0.25
P3034,230.68,0.13
P3035,184.41,0.38
P3036,10.32,0.23
P3037,487.34,0.03
P3038,141.95,0.41
P3039,427.59,0.44
P3040,361.59,0.25
P3041,57.56,0.04
P3042,407.78,0.35
P3043,233.29,0.32
P3044,136.3,0.11
P3045,317.13,0.17
P3046,355.38,0.47
P3047,306.42,0.5
P3048,333.01,0.04
P3049,271.54,0.13
P3050,80.75,0.45
P3051,57.28,0.2
P3052,232.89,0.35
P3053,364.57,0.25
P3054,380.01,0.44
P3055,485.46,0.24
P3056,50.42,0.33
P3057,75.91,0.48
P3058,194.26,0.43
P3059,109.76,0.1
P3060,194.88,0.39
P3061,362.32,0.13
P3062,162.47,0.09
P3063,108.73,0.11
P3064,159.23,0.1
P3065,150.53,0.42
P3066,301.95,0.15
P3067,460.47,0.01
P3068,343.12,0.03
P3069,409.46,0.26
P3070,100.71,0.26
P3071,289.51,0.42
P3072,71.31,0.2
P3073,221.54,0.3
P3074,139.11,0.47
P3075,66.36,0.14
P3076,216.24,0.38
P3077,17.4,0.38
P3078,29.53,0.12
P3079,309.72,0.22
P3080,346.64,0.08
P3081,96.63,0.12
P3082,497.12,0.39
P3083,58.92,0.45
P3084,61.78,0.01
P3085,147.87,0.06
P3086,88.8,0.38
P3087,123.43,0.37
P3088,229.77,0.24
P3089,71.41,0.14
P3090,53.8,0.01
P3091,170.41,0.11
P3092,340.93,0.42
P3093,416.59,0.26
P3094,22.66,0.38
P3095,207.3,0.1
P3096,135.16,0.34
P3097,384.35,0.15
P3098,9.69,0.06
P3099,290.34,0.32
P3100,52.62,0.43
P3101,116.3,0.04
P3102,107.35,0.41
P3103,105.53,0.25
P3104,300.88,0.43
P3105,104.69,0.03
P3106,45.07,0.31
P3107,13.8,0.05
P3108,159.5,0.47
P3109,126.36,0.02
P3110,342.0,0.06
P3111,451.93,0.09
P3112,261.83,0.03
P3113,49.67,0.08
P3114,428.09,0.25
P3115,98.02,0.06
P3116,50.86,0.41
P3117,176.34,0.37
P3118,75.53,0.1
P3119,302.98,0.42
P3120,404.17,0.4
P3121,172.62,0.11
P3122,414.33,0.01
P3123,492.99,0.16
P3124,136.32,0.23
P3125,108.58,0.16
P3126,48.18,0.3
P3127,433.43,0.32
P3128,460.21,0.08
P3129,63.43,0.2
P3130,474.65,0.12
P3131,162.58,0.47
P3132,448.41,0.3
P3133,149.41,0.4
P3134,229.17,0.12
P3135,405.81,0.36
P3136,183.16,0.14
P3137,455.2,0.27
P3138,120.69,0.1
P3139,65.92,0.13
P3140,239.86,0.44
P3141,299.44,0.22
P3142,358.34,0.35
P3143,458.03,0.42
P3144,54.35,0.11
P3145,344.2,0.02
P3146,307.95,0.45
P3147,168.12,0.45
P3148,181.5,0.33
P3149,386.99,0.39
P3150,232.33,0.49
P3151,30.44,0.15
P3152,207.36,0.19
P3153,371.62,0.45
P3154,136.65,0.24
P3155,149.97,0.1
P3156,422.83,0.18
P3157,48.75,0.36
P3158,89.63,0.38
P3159,214.81,0.11
P3160,250.37,0.42
P3161,157.37,0.34
P3162,426.67,0.15
P3163,292.15,0.26
P3164,361.52,0.43
P3165,485.51,0.27
P3166,77.99,0.41
P3167,135.51,0.36
P3168,447.34,0.17
P3169,180.59,0.49
P3170,171.48,0.35
P3171,400.63,0.19
P3172,120.91,0.31
P3173,368.45,0.23
P3174,301.19,0.28
P3175,228.54,0.32
P3176,21.05,0.19
P3177,159.21,0.16
P3178,298.22,0.47
P3179,323.27,0.31
P3180,428.24,0.49
P3181,178.85,0.02
P3182,301.48,0.48
P3183,356.88,0.05
P3184,34.8,0.29
P3185,289.64,0.07
P3186,124.08,0.2
P3187,146.08,0.42
P3188,437.48,0.37
P3189,316.67,0.15
P3190,253.4,0.08
P3191,34.79,0.18
P3192,362.71,0.48
P3193,418.48,0.35
P3194,202.71,0.07
P3195,452.49,0.17
P3196,383.28,0.31
P3197,69.0,0.21
P3198,449.41,0.36
P3199,203.49,0.13
P3200,182.25,0.33
P3201,8.62,0.13
P3202,96.37,0.25
P3203,11.02,0.22
P3204,367.47,0.45
P3205,375.57,0.35
P3206,477.38,0.08
P3207,397.98,0.32
P3208,104.49,0.37
P3209,341.92,0.08
P3210,257.78,0.31
P3211,193.63,0.46
P3212,153.94,0.45
P3213,162.03,0.43
P3214,266.16,0.15
P3215,208.69,0.02
P3216,446.7,0.22
P3217,109.18,0.03
P3218,93.47,0.11
P3219,220.23,0.49
P3220,181.9,0.31
P3221,181.93,0.49
P3222,135.82,0.01
P3223,5.81,0.16
P3224,437.84,0.06
P3225,108.52,0.3
P3226,499.59,0.07
P3227,358.92,0.27
P3228,127.06,0.28
P3229,11.38,0.05
P3230,126.18,0.26
P3231,103.24,0.46
P3232,68.85,0.36
P3233,32.46,0.35
P3234,424.87,0.37
P3235,423.46,0.21
P3236,176.81,0.43
P3237,167.67,0.49
P3238,408.26,0.07
P3239,470.5,0.26
P3240,448.33,0.42
P3241,113.82,0.28
P3242,272.55,0.48
P3243,476.45,0.21
P3244,25.01,0.01
P3245,65.47,0.43
P3246,497.78,0.35
P3247,427.75,0.34
P3248,376.24,0.39
P3249,438.76,0.02
P3250,69.02,0.27
P3251,184.47,0.26
P3252,490.03,0.01
P3253,245.97,0.17
P3254,445.23,0.21
P3255,379.64,0.23
P3256,475.62,0.46
P3257,223.88,0.21
P3258,79.18,0.22
P3259,210.05,0.49
P3260,103.07,0.49
P3261,395.23,0.04
P3262,307.68,0.32
P3263,381.31,0.1
P3264,498.95,0.44
P3265,295.28,0.42
P3266,27.37,0.28
P3267,236.22,0.01
P3268,467.74,0.1
P3269,77.79,0.26
P3270,166.96,0.01
P3271,441.12,0.18
P3272,412.99,0.23
P3273,330.41,0.16
P3274,303.71,0.4
P3275,266.91,0.14
P3276,211.08,0.21
P3277,133.03,0.33
P3278,83.95,0.02
P3279,372.63,0.02
P3280,340.47,0.26
P3281,363.08,0.38
P3282,378.82,0.37
P3283,402.55,0.39
P3284,406.88,0.08
P3285,68.75,0.1
P3286,89.52,0.17
P3287,11.35,0.11
P3288,419.91,0.19
P3289,114.08,0.05
P3290,470.95,0.06
P3291,25.78,0.17
P3292,175.38,0.44
P3293,151.19,0.3
P3294,156.63,0.5
P3295,346.33,0.46
P3296,493.98,0.48
P3297,254.14,0.28
P3298,367.54,0.11
P3299,12.5,0.13
P3300,222.34,0.15
P3301,370.1,0.24
P3302,82.35,0.02
P3303,31.8,0.08
P3304,109.35,0.33
P3305,140.87,0.17
P3306,134.57,0.17
P3307,367.93,0.44
P3308,469.09,0.41
P3309,299.06,0.12
P3310,431.31,0.41
P3311,53.62,0.08
P3312,362.93,0.41
P3313,301.2,0.49
P3314,45.94,0.42
P3315,418.42,0.18
P3316,231.5,0.17
P3317,266.33,0.2
P3318,484.32,0.47
P3319,227.71,0.41
P3320,7.33,0.16
P3321,20.47,0.15
P3322,378.6,0.05
P3323,80.5,0.1
P3324,195.98,0.17
P3325,153.44,0.04
P3326,376.03,0.13
P3327,366.28,0.48
P3328,188.24,0.33
P3329,71.72,0.02
P3330,153.53,0.38
P3331,97.34,0.38
P3332,60.44,0.17
P3333,466.42,0.31
P3334,416.33,0.21
P3335,268.72,0.25
P3336,62.14,0.36
P3337,160.42,0.36
P3338,420.83,0.08
P3339,95.91,0.23
P3340,32.51,0.27
P3341,189.44,0.29
P3342,499.55,0.12
P3343,78.66,0.02
P3344,269.7,0.07
P3345,456.05,0.21
P3346,176.42,0.18
P3347,480.62,0.32
P3348,22.36,0.45
P3349,372.56,0.17
P3350,147.99,0.41
P3351,384.9,0.47
P3352,307.69,0.48
P3353,77.66,0.33
P3354,264.51,0.14
P3355,96.26,0.34
P3356,428.58,0.47
P3357,8.07,0.48
P3358,116.4,0.29
P3359,400.68,0.15
P3360,105.13,0.33
P3361,420.03,0.03
P3362,276.81,0.35
P3363,419.96,0.0
P3364,87.85,0.47
P3365,259.86,0.04
P3366,375.74,0.19
P3367,53.49,0.15
P3368,321.19,0.17
P3369,465.08,0.23
P3370,81.72,0.16
P3371,346.97,0.07
P3372,316.71,0.33
P3373,106.01,0.3
P3374,204.3,0.31
P3375,388.44,0.08
P3376,262.44,0.08
P3377,339.67,0.45
P3378,25.75,0.27
P3379,311.85,0.46
P3380,108.6,0.46
P3381,183.22,0.25
P3382,478.47,0.2
P3383,349.27,0.21
P3384,44.21,0.19
P3385,429.55,0.01
P3386,42.73,0.16
P3387,313.25,0.2
P3388,280.94,0.29
P3389,147.18,0.48
P3390,426.55,0.11
P3391,365.24,0.46
P3392,287.63,0.36
P3393,478.62,0.43
P3394,29.43,0.23
P3395,388.82,0.36
P3396,416.12,0.09
P3397,290.53,0.23
P3398,20.06,0.2
P3399,153.24,0.24
P3400,437.65,0.25
P3401,117.14,0.15
P3402,272.91,0.01
P3403,199.56,0.32
P3404,189.74,0.2
P3405,107.32,0.27
P3406,453.21,0.44
P3407,41.46,0.33
P3408,398.07,0.26
P3409,406.83,0.09
P3410,313.2,0.26
P3411,426.31,0.23
P3412,269.32,0.21
P3413,160.3,0.03
P3414,338.67,0.42
P3415,181.26,0.07
P3416,100.64,0.08
P3417,464.03,0.3
P3418,32.72,0.18
P3419,472.91,0.3
P3420,39.64,0.23
P3421,253.5,0.2
P3422,484.15,0.18
P3423,480.76,0.02
P3424,316.31,0.28
P3425,60.11,0.13
P3426,54.43,0.3
P3427,384.86,0.27
P3428,279.53,0.25
P3429,137.57,0.4
P3430,275.59,0.03
P3431,247.99,0.34
P3432,322.48,0.12
P3433,167.08,0.3
P3434,45.4,0.27
P3435,113.22,0.35
P3436,131.57,0.47
P3437,367.78,0.16
P3438,181.56,0.12
P3439,212.71,0.05
P3440,434.45,0.32
P3441,405.92,0.12
P3442,382.64,0.26
P3443,158.39,0.02
P3444,206.31,0.34
P3445,379.41,0.34
P3446,121.64,0.49
P3447,96.64,0.14
P3448,417.2,0.13
P3449,439.42,0.12
P3450,273.03,0.21
P3451,478.69,0.21
P3452,29.3,0.14
P3453,120.43,0.26
P3454,211.1,0.38
P3455,428.69,0.39
P3456,499.24,0.41
P3457,230.14,0.42
P3458,448.6,0.27
P3459,443.74,0.15
P3460,300.48,0.36
P3461,95.27,0.04
P3462,251.28,0.27
P3463,100.17,0.34
P3464,373.43,0.32
P3465,492.72,0.49
P3466,47.89,0.34
P3467,332.29,0.39
P3468,454.12,0.1
P3469,435.01,0.09
P3470,107.34,0.3
P3471,310.53,0.27
P3472,388.1,0.37
P3473,139.39,0.09
P3474,418.2,0.38
P3475,371.82,0.05
P3476,443.62,0.48
P3477,429.72,0.08
P3478,9.0,0.32
P3479,94.59,0.29
P3480,472.04,0.13
P3481,350.5,0.35
P3482,342.43,0.09
P3483,304.9,0.4
P3484,29.21,0.48
P3485,255.24,0.26
P3486,332.73,0.33
P3487,244.59,0.46
P3488,47.92,0.33
P3489,93.97,0.1
P3490,257.15,0.46
P3491,233.85,0.16
P3492,499.35,0.21
P3493,459.11,0.24
P3494,442.25,0.44
P3495,82.67,0.32
P3496,156.14,0.36
P3497,87.59,0.13
P3498,145.47,0.46
P3499,422.41,0.38
P3500,263.67,0.26
P3501,461.17,0.46
P3502,416.04,0.19
P3503,388.7,0.22
P3504,56.88,0.15
P3505,322.45,0.18
P3506,224.76,0.03
P3507,32.69,0.22
P3508,294.53,0.47
P3509,370.0,0.36
P3510,315.06,0.13
P3511,80.89,0.33
P3512,206.83,0.26
P3513,454.69,0.14
P3514,293.17,0.09
P3515,321.9,0.13
P3516,105.0,0.11
P3517,353.65,0.05
P3518,162.12,0.35
P3519,158.2,0.48
P3520,318.36,0.27
P3521,378.88,0.11
P3522,437.73,0.06
P3523,37.78,0.28
P3524,439.32,0.17
P3525,58.2,0.12
P3526,158.74,0.25
P3527,229.44,0.47
P3528,267.37,0.47
P3529,342.3,0.18
P3530,36.77,0.07
P3531,128.33,0.43
P3532,279.37,0.26
P3533,108.6,0.15
P3534,175.93,0.35
P3535,131.89,0.32
P3536,170.1,0.46
P3537,215.99,0.36
P3538,147.95,0.5
P3539,275.6,0.49
P3540,471.78,0.27
P3541,176.35,0.03
P3542,21.19,0.32
P3543,293.39,0.44
P3544,69.57,0.25
P3545,395.38,0.4
P3546,311.03,0.21
P3547,62.84,0.07
P3548,271.29,0.42
P3549,392.5,0.25
P3550,466.47,0.46
P3551,326.67,0.12
P3552,127.49,0.2
P3553,464.54,0.15
P3554,384.6,0.43
P3555,324.65,0.48
P3556,299.4,0.44
P3557,438.76,0.43
P3558,486.16,0.02
P3559,323.59,0.12
P3560,224.14,0.36
P3561,487.72,0.0
P3562,276.13,0.46
P3563,447.95,0.02
P3564,107.74,0.19
P3565,158.35,0.13
P3566,235.02,0.47
P3567,433.08,0.2
P3568,472.72,0.11
P3569,327.5,0.02
P3570,345.56,0.16
P3571,242.17,0.42
P3572,433.12,0.14
P3573,432.17,0.3
P3574,372.61,0.36
P3575,487.71,0.13
P3576,61.78,0.17
P3577,159.77,0.09
P3578,411.72,0.04
P3579,333.83,0.23
P3580,38.33,0.05
P3581,35.85,0.48
P3582,444.43,0.49
P3583,111.28,0.47
P3584,227.12,0.24
P3585,126.24,0.4
P3586,297.87,0.34
P3587,119.37,0.5
P3588,463.7,0.02
P3589,25.16,0.46
P3590,68.94,0.19
P3591,161.15,0.39
P3592,374.62,0.01
P3593,308.67,0.2
P3594,230.89,0.35
P3595,94.53,0.07
P3596,387.05,0.01
P3597,239.1,0.25
P3598,411.57,0.41
P3599,246.37,0.42
P3600,62.25,0.43
P3601,424.17,0.28
P3602,178.05,0.06
P3603,51.43,0.1
P3604,109.81,0.05
P3605,175.06,0.28
P3606,406.86,0.29
P3607,144.81,0.43
P3608,287.12,0.3
P3609,195.82,0.24
P3610,54.67,0.26
P3611,322.66,0.0
P3612,288.89,0.21
P3613,347.17,0.25
P3614,252.32,0.1
P3615,10.84,0.12
P3616,342.36,0.4
P3617,219.49,0.49
P3618,338.6,0.48
P3619,72.54,0.38
P3620,493.63,0.13
P3621,429.74,0.15
P3622,437.31,0.19
P3623,148.94,0.47
P3624,353.98,0.16
P3625,333.23,0.35
P3626,382.91,0.33
P3627,490.54,0.27
P3628,33.66,0.47
P3629,216.31,0.3
P3630,77.87,0.3
P3631,29.31,0.23
P3632,61.47,0.3
P3633,262.58,0.12
P3634,95.04,0.32
P3635,121.41,0.27
P3636,153.1,0.13
P3637,63.09,0.21
P3638,361.25,0.32
P3639,300.76,0.09
P3640,27.46,0.2
P3641,262.69,0.32
P3642,317.62,0.36
P3643,437.9,0.2
P3644,353.89,0.29
P3645,452.71,0.3
P3646,317.71,0.44
P3647,84.73,0.19
P3648,321.67,0.07
P3649,368.02,0.22
P3650,294.92,0.49
P3651,36.42,0.16
P3652,384.59,0.02
P3653,177.71,0.43
P3654,108.83,0.01
P3655,47.08,0.29
P3656,120.32,0.09
P3657,255.1,0.38
P3658,367.15,0.02
P3659,232.66,0.05
P3660,233.94,0.2
P3661,476.09,0.22
P3662,417.28,0.41
P3663,159.69,0.42
P3664,415.73,0.37
P3665,497.66,0.15
P3666,255.19,0.39
P3667,487.41,0.32
P3668,480.65,0.49
P3669,182.25,0.02
P3670,30.26,0.48
P3671,143.45,0.33
P3672,280.22,0.18
P3673,419.65,0.15
P3674,329.31,0.3
P3675,434.31,0.45
P3676,382.23,0.48
P3677,145.32,0.45
P3678,153.78,0.0
P3679,348.57,0.34
P3680,193.22,0.43
P3681,241.72,0.09
P3682,259.17,0.07
P3683,149.8,0.22
P3684,39.75,0.32
P3685,474.95,0.48
P3686,310.8,0.05
P3687,165.58,0.35
P3688,244.62,0.3
P3689,340.12,0.38
P3690,298.26,0.21
P3691,408.91,0.04
P3692,220.59,0.08
P3693,259.22,0.44
P3694,393.7,0.46
P3695,222.64,0.46
P3696,56.93,0.24
P3697,335.13,0.47
P3698,51.16,0.26
P3699,439.29,0.36
P3700,74.17,0.3
P3701,402.65,0.33
P3702,430.07,0.39
P3703,167.96,0.42
P3704,264.7,0.48
P3705,394.3,0.04
P3706,47.07,0.4
P3707,48.12,0.07
P3708,469.1,0.33
P3709,273.28,0.09
P3710,365.74,0.16
P3711,327.25,0.28
P3712,120.85,0.02
P3713,455.04,0.14
P3714,325.65,0.3
P3715,84.47,0.24
P3716,32.4,0.13
P3717,72.69,0.26
P3718,237.91,0.27
P3719,157.56,0.3
P3720,384.52,0.09
P3721,197.17,0.01
P3722,342.04,0.17
P3723,241.39,0.27
P3724,190.15,0.31
P3725,187.14,0.04
P3726,151.18,0.1
P3727,294.58,0.4
P3728,238.67,0.32
P3729,369.26,0.03
P3730,346.93,0.28
P3731,469.07,0.26
P3732,425.62,0.19
P3733,269.78,0.39
P3734,187.58,0.35
P3735,418.68,0.12
P3736,455.11,0.01
P3737,478.72,0.04
P3738,341.37,0.31
P3739,233.82,0.3
P3740,310.15,0.14
P3741,441.65,0.2
P3742,310.69,0.08
P3743,76.91,0.21
P3744,323.3,0.02
P3745,177.07,0.34
P3746,20.81,0.17
P3747,186.44,0.31
P3748,17.44,0.45
P3749,214.62,0.12
P3750,94.47,0.29
P3751,232.48,0.16
P3752,170.79,0.31
P3753,72.69,0.33
P3754,399.94,0.36
P3755,122.2,0.06
P3756,48.59,0.35
P3757,413.65,0.13
P3758,18.43,0.45
P3759,403.19,0.3
P3760,58.4,0.33
P3761,423.04,0.24
P3762,256.59,0.19
P3763,476.0,0.39
P3764,421.07,0.27
P3765,16.84,0.15
P3766,447.24,0.36
P3767,401.05,0.45
P3768,362.05,0.21
P3769,359.59,0.07
P3770,442.77,0.18
P3771,271.06,0.33
P3772,209.81,0.03
P3773,397.5,0.29
P3774,352.75,0.32
P3775,326.19,0.08
P3776,232.74,0.07
P3777,408.07,0.2
P3778,78.7,0.15
P3779,161.62,0.5
P3780,44.1,0.46
P3781,31.24,0.24
P3782,489.09,0.36
P3783,185.0,0.05
P3784,484.0,0.25
P3785,268.14,0.2
P3786,356.02,0.34
P3787,339.48,0.17
P3788,325.28,0.04
P3789,471.47,0.3
P3790,102.88,0.3
P3791,354.39,0.48
P3792,227.01,0.23
P3793,9.06,0.38
P3794,478.66,0.38
P3795,326.62,0.32
P3796,133.52,0.27
P3797,189.34,0.22
P3798,16.62,0.22
P3799,181.21,0.08
P3800,330.15,0.1
P3801,402.97,0.06
P3802,318.57,0.33
P3803,25.77,0.16
P3804,496.32,0.09
P3805,254.36,0.23
P3806,105.72,0.19
P3807,255.15,0.28
P3808,136.74,0.13
P3809,251.58,0.03
P3810,97.13,0.36
P3811,110.52,0.36
P3812,372.66,0.39
P3813,144.56,0.42
P3814,291.85,0.18
P3815,179.12,0.23
P3816,313.27,0.42
P3817,272.47,0.35
P3818,438.97,0.34
P3819,112.72,0.42
P3820,122.45,0.21
P3821,195.06,0.33
P3822,162.15,0.49
P3823,122.25,0.07
P3824,168.21,0.42
P3825,473.39,0.06
P3826,261.03,0.43
P3827,200.67,0.44
P3828,458.15,0.11
P3829,238.27,0.36
P3830,460.96,0.21
P3831,132.66,0.02
P3832,162.92,0.2
P3833,397.96,0.3
P3834,449.54,0.41
P3835,334.82,0.08
P3836,250.29,0.03
P3837,119.73,0.12
P3838,392.72,0.12
P3839,18.78,0.17
P3840,243.48,0.11
P3841,245.93,0.36
P3842,464.27,0.12
P3843,51.84,0.41
P3844,340.5,0.36
P3845,380.29,0.21
P3846,180.92,0.42
P3847,314.28,0.14
P3848,402.98,0.39
P3849,460.94,0.43
P3850,429.45,0.09
P3851,171.4,0.4
P3852,35.32,0.19
P3853,29.8,0.42
P3854,399.51,0.15
P3855,269.67,0.21
P3856,307.23,0.07
P3857,295.41,0.4
P3858,285.94,0.1
P3859,214.45,0.05
P3860,110.35,0.18
P3861,421.81,0.07
P3862,274.81,0.06
P3863,389.94,0.27
P3864,71.3,0.21
P3865,336.06,0.23
P3866,359.01,0.15
P3867,446.18,0.13
P3868,269.57,0.22
P3869,282.72,0.22
P3870,124.04,0.34
P3871,481.36,0.49
P3872,194.14,0.35
P3873,325.99,0.45
P3874,156.01,0.3
P3875,334.47,0.02
P3876,114.53,0.35
P3877,441.85,0.06
P3878,241.59,0.31
P3879,121.95,0.22
P3880,295.21,0.31
P3881,337.0,0.24
P3882,45.75,0.13
P3883,153.31,0.08
P3884,117.99,0.01
P3885,459.98,0.45
P3886,132.03,0.27
P3887,54.37,0.3
P3888,102.48,0.09
P3889,201.16,0.5
P3890,202.9,0.26
P3891,404.54,0.1
P3892,329.66,0.34
P3893,360.16,0.42
P3894,478.97,0.08
P3895,335.75,0.16
P3896,382.84,0.5
P3897,139.41,0.04
P3898,34.77,0.3
P3899,370.3,0.02
P3900,208.86,0.33
P3901,36.78,0.34
P3902,359.89,0.16
P3903,425.22,0.07
P3904,235.57,0.49
P3905,23.07,0.08
P3906,492.92,0.36
P3907,406.55,0.34
P3908,328.69,0.14
P3909,190.07,0.35
P3910,92.85,0.15
P3911,34.02,0.34
P3912,472.1,0.06
P3913,250.21,0.22
P3914,425.45,0.02
P3915,472.63,0.07
P3916,122.38,0.47
P3917,287.84,0.12
P3918,274.07,0.42
P3919,206.86,0.17
P3920,165.49,0.45
P3921,219.32,0.32
P3922,389.1,0.48
P3923,407.66,0.29
P3924,268.94,0.08
P3925,28.59,0.5
P3926,50.18,0.27
P3927,121.13,0.42
P3928,322.09,0.11
P3929,446.93,0.33
P3930,190.85,0.19
P3931,345.75,0.45
P3932,127.03,0.27
P3933,418.16,0.37
P3934,175.64,0.14
P3935,495.25,0.04
P3936,495.86,0.3
P3937,290.4,0.32
P3938,367.71,0.17
P3939,198.37,0.04
P3940,323.33,0.33
P3941,164.6,0.36
P3942,142.52,0.12
P3943,428.99,0.42
P3944,484.75,0.06
P3945,384.23,0.19
P3946,161.43,0.01
P3947,24.16,0.37
P3948,38.45,0.42
P3949,486.15,0.28
P3950,132.92,0.12
P3951,70.97,0.01
P3952,374.65,0.38
P3953,493.37,0.24
P3954,82.69,0.1
P3955,188.2,0.36
P3956,319.07,0.16
P3957,338.61,0.29
P3958,10.66,0.46
P3959,481.05,0.45
P3960,218.75,0.33
P3961,168.54,0.47
P3962,469.39,0.17
P3963,350.78,0.38
P3964,168.58,0.11
P3965,120.08,0.23
P3966,17.87,0.39
P3967,439.38,0.09
P3968,145.1,0.14
P3969,89.02,0.13
P3970,192.85,0.29
P3971,196.58,0.31
P3972,61.14,0.39
P3973,362.28,0.26
P3974,431.56,0.33
P3975,201.59,0.4
P3976,341.33,0.01
P3977,371.67,0.34
P3978,160.4,0.01
P3979,290.89,0.09
P3980,339.2,0.26
P3981,427.38,0.18
P3982,104.16,0.08
P3983,294.28,0.31
P3984,292.61,0.34
P3985,392.79,0.06
P3986,477.43,0.29
P3987,417.5,0.49
P3988,34.44,0.43
P3989,227.62,0.14
P3990,172.47,0.43
P3991,7.87,0.16
P3992,148.61,0.27
P3993,458.36,0.45
P3994,136.64,0.38
P3995,487.36,0.25
P3996,280.31,0.41
P3997,429.5,0.07
P3998,36.72,0.19
P3999,125.13,0.16
P4000,382.53,0.08
P4001,101.67,0.05
P4002,481.33,0.03
P4003,13.35,0.33
P4004,42.91,0.21
P4005,357.5,0.45
P4006,215.61,0.46
P4007,105.29,0.23
P4008,199.19,0.05
P4009,111.39,0.1
P4010,263.4,0.12
P4011,93.24,0.23
P4012,232.28,0.22
P4013,283.69,0.32
P4014,39.29,0.14
P4015,90.5,0.39
P4016,379.51,0.33
P4017,83.88,0.22
P4018,168.82,0.15
P4019,180.28,0.3
P4020,124.17,0.46
P4021,268.05,0.18
P4022,295.24,0.17
P4023,439.76,0.25
P4024,210.31,0.37
P4025,67.69,0.23
P4026,374.72,0.45
P4027,104.32,0.08
P4028,405.6,0.16
P4029,7.6,0.05
P4030,369.4,0.37
P4031,67.96,0.03
P4032,298.16,0.34
P4033,495.73,0.47
P4034,484.42,0.34
P4035,428.84,0.16
P4036,106.75,0.33
P4037,255.72,0.45
P4038,391.13,0.19
P4039,477.86,0.03
P4040,445.92,0.33
P4041,161.08,0.44
P4042,321.91,0.4
P4043,123.28,0.22
P4044,263.19,0.24
P4045,28.43,0.42
P4046,208.43,0.22
P4047,248.98,0.48
P4048,100.8,0.12
P4049,209.14,0.2
P4050,160.12,0.26
P4051,154.06,0.06
P4052,20.59,0.44
P4053,115.39,0.25
P4054,381.13,0.19
P4055,251.8,0.5
P4056,135.02,0.29
P4057,260.18,0.25
P4058,387.02,0.4
P4059,292.23,0.15
P4060,114.27,0.29
P4061,103.73,0.19
P4062,477.98,0.46
P4063,437.56,0.3
P4064,214.53,0.32
P4065,369.08,0.37
P4066,103.72,0.16
P4067,247.93,0.01
P4068,467.84,0.22
P4069,54.78,0.26
P4070,448.0,0.42
P4071,266.25,0.1
P4072,58.14,0.06
P4073,443.51,0.41
P4074,349.64,0.36
P4075,290.02,0.25
P4076,246.16,0.21
P4077,90.45,0.19
P4078,175.0,0.09
P4079,280.24,0.0
P4080,21.68,0.37
P4081,383.08,0.3
P4082,445.71,0.37
P4083,402.67,0.26
P4084,486.19,0.43
P4085,341.25,0.08
P4086,53.41,0.34
P4087,242.01,0.33
P4088,142.25,0.3
P4089,32.13,0.1
P4090,68.66,0.39
P4091,44.05,0.49
P4092,256.17,0.29
P4093,193.08,0.33
P4094,205.21,0.47
P4095,38.14,0.15
P4096,269.19,0.39
P4097,181.97,0.17
P4098,409.2,0.08
P4099,468.75,0.31
P4100,400.62,0.03
P4101,207.0,0.2
P4102,190.94,0.23
P4103,90.03,0.34
P4104,477.68,0.2
P4105,313.65,0.37
P4106,250.49,0.29
P4107,117.45,0.32
P4108,410.9,0.34
P4109,446.94,0.49
P4110,248.93,0.02
P4111,365.2,0.5
P4112,169.22,0.46
P4113,453.9,0.41
P4114,299.32,0.24
P4115,333.32,0.24
P4116,169.85,0.5
P4117,134.35,0.36
P4118,203.23,0.22
P4119,313.3,0.21
P4120,191.0,0.06
P4121,9.09,0.04
P4122,115.22,0.45
P4123,210.4,0.47
P4124,369.34,0.16
P4125,74.85,0.39
P4126,375.61,0.22
P4127,307.0,0.1
P4128,241.93,0.05
P4129,415.16,0.43
P4130,236.33,0.29
P4131,486.98,0.23
P4132,116.26,0.48
P4133,71.85,0.06
P4134,64.42,0.07
P4135,66.4,0.28
P4136,151.29,0.15
P4137,395.2,0.34
P4138,490.94,0.23
P4139,47.39,0.06
P4140,278.47,0.25
P4141,475.19,0.47
P4142,28.26,0.11
P4143,229.78,0.25
P4144,390.59,0.37
P4145,327.13,0.28
P4146,318.19,0.04
P4147,110.0,0.34
P4148,346.39,0.32
P4149,40.14,0.45
P4150,152.88,0.3
P4151,373.17,0.48
P4152,213.4,0.35
P4153,170.24,0.37
P4154,66.05,0.0
P4155,236.44,0.18
P4156,87.53,0.16
P4157,246.51,0.29
P4158,467.86,0.13
P4159,186.26,0.25
P4160,253.41,0.34
P4161,209.72,0.09
P4162,493.98,0.5
P4163,458.5,0.25
P4164,222.46,0.39
P4165,12.32,0.39
P4166,233.89,0.23
P4167,387.37,0.23
P4168,148.49,0.13
P4169,215.12,0.04
P4170,357.11,0.48
P4171,366.48,0.19
P4172,43.29,0.22
P4173,206.43,0.33
P4174,478.74,0.28
P4175,57.46,0.31
P4176,46.48,0.17
P4177,91.76,0.08
P4178,338.0,0.04
P4179,412.68,0.5
P4180,94.7,0.43
P4181,430.32,0.01
P4182,277.2,0.31
P4183,276.07,0.3
P4184,269.06,0.02
P4185,328.23,0.49
P4186,53.32,0.45
P4187,441.06,0.24
P4188,224.83,0.03
P4189,267.67,0.27
P4190,313.71,0.3
P4191,442.55,0.2
P4192,355.3,0.31
P4193,240.48,0.37
P4194,454.86,0.3
P4195,436.8,0.04
P4196,43.04,0.49
P4197,313.44,0.19
P4198,108.01,0.41
P4199,171.98,0.2
P4200,261.14,0.02
P4201,178.43,0.31
P4202,379.38,0.36
P4203,122.93,0.48
P4204,63.53,0.35
P4205,100.34,0.42
P4206,250.78,0.06
P4207,450.63,0.34
P4208,51.08,0.02
P4209,40.29,0.17
P4210,254.73,0.11
P4211,174.92,0.43
P4212,433.78,0.38
P4213,50.02,0.13
P4214,157.34,0.43
P4215,373.38,0.41
P4216,381.64,0.1
P4217,323.12,0.02
P4218,47.32,0.32
P4219,429.21,0.4
P4220,93.82,0.46
P4221,318.92,0.13
P4222,86.57,0.34
P4223,469.73,0.15
P4224,467.93,0.36
P4225,387.7,0.02
P4226,184.18,0.48
P4227,64.37,0.19
P4228,443.85,0.03
P4229,317.65,0.17
P4230,82.62,0.03
P4231,335.71,0.44
P4232,246.27,0.2
P4233,121.51,0.36
P4234,371.31,0.38
P4235,236.63,0.01
P4236,63.61,0.28
P4237,119.33,0.12
P4238,422.34,0.28
P4239,102.8,0.14
P4240,424.35,0.37
P4241,92.42,0.18
P4242,229.05,0.14
P4243,65.51,0.12
P4244,402.22,0.43
P4245,257.47,0.18
P4246,475.5,0.04
P4247,34.23,0.04
P4248,342.17,0.47
P4249,39.46,0.07
P4250,192.86,0.35
P4251,250.67,0.44
P4252,320.83,0.42
P4253,152.28,0.07
P4254,130.12,0.42
P4255,194.95,0.01
P4256,206.19,0.16
P4257,446.24,0.11
P4258,407.64,0.28
P4259,327.13,0.48
P4260,369.12,0.39
P4261,448.55,0.16
P4262,379.02,0.2
P4263,196.37,0.19
P4264,187.7,0.33
P4265,84.27,0.17
P4266,109.98,0.27
P4267,16.82,0.2
P4268,370.65,0.49
P4269,145.99,0.25
P4270,141.41,0.29
P4271,231.37,0.31
P4272,135.03,0.18
P4273,60.49,0.12
P4274,24.34,0.06
P4275,202.24,0.13
P4276,186.92,0.18
P4277,130.69,0.39
P4278,349.24,0.01
P4279,234.71,0.09
P4280,487.65,0.46
P4281,365.93,0.01
P4282,486.44,0.23
P4283,348.22,0.46
P4284,428.14,0.01
P4285,315.74,0.24
P4286,308.8,0.08
P4287,480.88,0.14
P4288,96.71,0.39
P4289,431.69,0.4
P4290,117.64,0.42
P4291,296.48,0.16
P4292,397.09,0.38
P4293,228.67,0.42
P4294,124.04,0.01
P4295,365.25,0.38
P4296,364.82,0.37
P4297,163.19,0.25
P4298,43.86,0.14
P4299,78.74,0.47
P4300,128.67,0.21
P4301,251.85,0.38
P4302,86.09,0.2
P4303,121.58,0.35
P4304,401.93,0.19
P4305,295.29,0.05
P4306,193.15,0.25
P4307,481.27,0.09
P4308,203.37,0.29
P4309,268.67,0.2
P4310,338.61,0.32
P4311,329.76,0.41
P4312,69.6,0.2
P4313,15.54,0.35
P4314,282.46,0.09
P4315,434.98,0.37
P4316,131.31,0.21
P4317,317.56,0.43
P4318,243.77,0.01
P4319,50.29,0.09
P4320,382.53,0.35
P4321,152.12,0.35
P4322,384.9,0.34
P4323,148.32,0.22
P4324,488.71,0.05
P4325,366.52,0.48
P4326,28.67,0.26
P4327,175.6,0.03
P4328,343.52,0.32
P4329,102.9,0.36
P4330,188.17,0.48
P4331,35.45,0.49
P4332,352.3,0.28
P4333,286.5,0.11
P4334,187.23,0.33
P4335,376.88,0.47
P4336,275.56,0.38
P4337,415.68,0.2
P4338,118.99,0.47
P4339,467.74,0.22
P4340,201.52,0.15
P4341,221.37,0.19
P4342,34.11,0.01
P4343,393.14,0.07
P4344,170.47,0.24
P4345,255.86,0.05
P4346,191.31,0.31
P4347,391.18,0.02
P4348,199.3,0.35
P4349,62.1,0.18
P4350,166.05,0.12
P4351,224.01,0.46
P4352,312.62,0.26
P4353,435.69,0.18
P4354,240.84,0.24
P4355,51.76,0.15
P4356,214.31,0.08
P4357,416.42,0.03
P4358,392.51,0.32
P4359,251.27,0.31
P4360,50.69,0.46
P4361,422.06,0.49
P4362,454.31,0.27
P4363,283.88,0.27
P4364,173.96,0.12
P4365,328.21,0.28
P4366,157.84,0.24
P4367,313.11,0.23
P4368,25.53,0.24
P4369,466.75,0.16
P4370,363.8,0.25
P4371,489.25,0.38
P4372,13.72,0.02
P4373,179.25,0.48
P4374,462.85,0.29
P4375,321.68,0.02
P4376,337.16,0.38
P4377,466.84,0.34
P4378,86.11,0.24
P4379,78.85,0.22
P4380,102.56,0.26
P4381,25.3,0.44
P4382,51.89,0.24
P4383,319.2,0.35
P4384,70.39,0.04
P4385,360.04,0.36
P4386,289.15,0.34
P4387,210.5,0.26
P4388,29.86,0.23
P4389,463.2,0.42
P4390,425.16,0.1
P4391,154.79,0.32
P4392,8.54,0.35
P4393,112.78,0.42
P4394,365.19,0.34
P4395,365.9,0.42
P4396,78.4,0.4
P4397,412.99,0.02
P4398,110.32,0.36
P4399,158.6,0.18
P4400,338.42,0.13
P4401,65.03,0.12
P4402,124.2,0.34
P4403,300.64,0.07
P4404,385.2,0.06
P4405,280.1,0.48
P4406,26.81,0.13
P4407,382.36,0.4
P4408,252.39,0.15
P4409,11.16,0.33
P4410,280.02,0.36
P4411,483.74,0.1
P4412,498.18,0.46
P4413,116.52,0.2
P4414,325.45,0.13
P4415,426.43,0.44
P4416,393.67,0.45
P4417,236.17,0.17
P4418,169.1,0.03
P4419,265.65,0.37
P4420,292.29,0.04
P4421,489.47,0.02
P4422,276.11,0.31
P4423,213.69,0.49
P4424,376.46,0.41
P4425,70.5,0.18
P4426,106.15,0.39
P4427,125.26,0.24
P4428,213.72,0.18
P4429,258.14,0.26
P4430,388.83,0.0
P4431,268.07,0.32
P4432,75.73,0.5
P4433,496.98,0.43
P4434,329.71,0.37
P4435,319.71,0.31
P4436,320.66,0.35
P4437,172.06,0.0
P4438,325.27,0.22
P4439,122.76,0.43
P4440,150.7,0.03
P4441,106.77,0.4
P4442,228.18,0.44
P4443,341.46,0.45
P4444,380.81,0.42
P4445,391.33,0.42
P4446,223.77,0.18
P4447,449.16,0.12
P4448,123.83,0.41
P4449,100.22,0.21
P4450,84.96,0.05
P4451,407.71,0.27
P4452,17.3,0.49
P4453,487.65,0.33
P4454,33.19,0.15
P4455,104.02,0.46
P4456,220.88,0.45
P4457,308.02,0.24
P4458,35.97,0.17
P4459,360.56,0.49
P4460,284.69,0.11
P4461,85.39,0.09
P4462,406.93,0.27
P4463,284.41,0.49
P4464,245.17,0.5
P4465,354.76,0.23
P4466,440.52,0.38
P4467,94.56,0.05
P4468,85.7,0.33
P4469,476.95,0.33
P4470,213.39,0.11
P4471,233.89,0.39
P4472,436.85,0.24
P4473,45.12,0.21
P4474,183.55,0.07
P4475,87.61,0.17
P4476,256.25,0.44
P4477,130.26,0.19
P4478,5.43,0.46
P4479,229.66,0.01
P4480,395.86,0.0
P4481,209.73,0.13
P4482,31.58,0.49
P4483,127.98,0.21
P4484,331.82,0.07
P4485,83.16,0.22
P4486,15.79,0.24
P4487,185.67,0.25
P4488,336.73,0.31
P4489,174.39,0.44
P4490,184.0,0.24
P4491,258.78,0.45
P4492,139.96,0.29
P4493,51.39,0.44
P4494,268.41,0.44
P4495,453.53,0.24
P4496,25.25,0.2
P4497,306.6,0.41
P4498,332.02,0.35
P4499,338.19,0.19
P4500,496.97,0.46
P4501,218.17,0.16
P4502,295.19,0.48
P4503,427.69,0.06
P4504,312.7,0.21
P4505,66.55,0.29
P4506,382.58,0.22
P4507,317.69,0.1
P4508,144.08,0.48
P4509,484.74,0.28
P4510,427.44,0.26
P4511,94.48,0.07
P4512,78.48,0.07
P4513,123.76,0.3
P4514,222.5,0.27
P4515,77.86,0.37
P4516,164.16,0.12
P4517,194.74,0.49
P4518,62.18,0.21
P4519,130.08,0.31
P4520,233.75,0.1
P4521,444.89,0.3
P4522,229.5,0.38
P4523,476.8,0.24
P4524,162.12,0.12
P4525,459.37,0.2
P4526,116.34,0.13
P4527,286.57,0.37
P4528,217.22,0.1
P4529,422.86,0.1
P4530,80.81,0.35
P4531,398.87,0.06
P4532,367.7,0.43
P4533,370.49,0.5
P4534,42.1,0.42
P4535,45.62,0.27
P4536,10.3,0.44
P4537,184.15,0.37
P4538,431.83,0.08
P4539,112.45,0.24
P4540,163.29,0.34
P4541,459.12,0.3
P4542,137.64,0.07
P4543,448.0,0.38
P4544,388.99,0.22
P4545,396.03,0.31
P4546,171.77,0.17
P4547,18.05,0.14
P4548,105.81,0.05
P4549,311.74,0.11
P4550,317.97,0.07
P4551,35.99,0.2
P4552,62.37,0.04
P4553,408.8,0.02
P4554,435.49,0.08
P4555,255.58,0.07
P4556,326.79,0.46
P4557,180.69,0.04
P4558,48.95,0.4
P4559,85.44,0.43
P4560,194.0,0.46
P4561,168.84,0.43
P4562,125.54,0.21
P4563,270.85,0.08
P4564,385.07,0.17
P4565,123.9,0.21
P4566,98.15,0.01
P4567,195.14,0.48
P4568,235.81,0.1
P4569,244.8,0.23
P4570,55.95,0.47
P4571,451.42,0.12
P4572,171.12,0.37
P4573,419.19,0.33
P4574,283.37,0.06
P4575,288.37,0.29
P4576,352.63,0.05
P4577,172.93,0.16
P4578,69.32,0.49
P4579,47.28,0.3
P4580,417.08,0.35
P4581,137.54,0.4
P4582,436.83,0.28
P4583,205.45,0.2
P4584,320.72,0.35
P4585,242.04,0.02
P4586,56.09,0.26
P4587,25.24,0.27
P4588,42.78,0.14
P4589,47.4,0.42
P4590,389.1,0.07
P4591,143.12,0.34
P4592,400.05,0.09
P4593,349.73,0.03
P4594,58.46,0.24
P4595,397.49,0.09
P4596,296.05,0.3
P4597,408.12,0.05
P4598,315.03,0.38
P4599,243.86,0.2
P4600,11.28,0.2
P4601,287.92,0.15
P4602,207.28,0.22
P4603,314.48,0.24
P4604,245.48,0.44
P4605,346.44,0.5
P4606,28.7,0.43
P4607,464.33,0.16
P4608,181.91,0.44
P4609,390.36,0.4
P4610,422.32,0.18
P4611,407.86,0.37
P4612,489.76,0.14
P4613,345.96,0.06
P4614,404.87,0.1
P4615,489.8,0.05
P4616,98.04,0.07
P4617,413.11,0.34
P4618,76.92,0.02
P4619,478.86,0.12
P4620,90.37,0.39
P4621,314.18,0.25
P4622,39.17,0.46
P4623,267.9,0.07
P4624,13.89,0.01
P4625,282.37,0.1
P4626,89.14,0.2
P4627,367.89,0.41
P4628,454.03,0.24
P4629,236.65,0.44
P4630,175.32,0.49
P4631,457.22,0.06
P4632,32.19,0.28
P4633,179.6,0.28
P4634,52.94,0.04
P4635,94.69,0.24
P4636,344.32,0.3
P4637,349.19,0.43
P4638,442.32,0.37
P4639,44.12,0.21
P4640,397.68,0.23
P4641,190.39,0.17
P4642,296.35,0.2
P4643,232.72,0.02
P4644,116.3,0.46
P4645,442.95,0.08
P4646,430.92,0.17
P4647,264.19,0.13
P4648,90.78,0.21
P4649,11.96,0.26
P4650,464.68,0.0
P4651,303.58,0.44
P4652,236.77,0.23
P4653,59.29,0.29
P4654,333.97,0.45
P4655,240.3,0.19
P4656,434.12,0.44
P4657,76.04,0.15
P4658,16.74,0.48
P4659,180.44,0.06
P4660,478.66,0.43
P4661,161.95,0.2
P4662,374.65,0.38
P4663,392.5,0.25
P4664,372.26,0.25
P4665,254.6,0.46
P4666,211.63,0.32
P4667,282.65,0.39
P4668,455.71,0.2
P4669,400.95,0.36
P4670,413.08,0.46
P4671,463.64,0.45
P4672,489.72,0.01
P4673,32.74,0.43
P4674,307.62,0.12
P4675,247.56,0.15
P4676,84.4,0.07
P4677,244.19,0.38
P4678,389.97,0.39
P4679,478.42,0.3
P4680,340.38,0.49
P4681,201.31,0.01
P4682,440.99,0.04
P4683,446.11,0.23
P4684,138.4,0.4
P4685,72.11,0.5
P4686,415.0,0.34
P4687,18.77,0.18
P4688,386.87,0.39
P4689,237.3,0.09
P4690,257.7,0.17
P4691,26.78,0.11
P4692,198.62,0.08
P4693,52.33,0.22
P4694,179.98,0.14
P4695,495.87,0.35
P4696,220.24,0.36
P4697,41.03,0.28
P4698,388.77,0.17
P4699,332.33,0.24
P4700,98.8,0.29
P4701,80.17,0.46
P4702,330.21,0.41
P4703,283.26,0.41
P4704,167.01,0.17
P4705,415.51,0.15
P4706,98.23,0.15
P4707,154.5,0.35
P4708,441.27,0.37
P4709,481.01,0.27
P4710,168.28,0.33
P4711,186.32,0.29
P4712,243.56,0.27
P4713,251.17,0.24
P4714,475.71,0.44
P4715,408.77,0.1
P4716,406.63,0.23
P4717,76.52,0.32
P4718,414.8,0.03
P4719,392.08,0.02
P4720,416.03,0.29
P4721,144.86,0.22
P4722,410.85,0.34
P4723,191.47,0.05
P4724,163.47,0.04
P4725,242.12,0.41
P4726,283.03,0.1
P4727,218.61,0.43
P4728,272.26,0.36
P4729,35.84,0.28
P4730,102.07,0.1
P4731,103.79,0.33
P4732,310.82,0.37
P4733,259.69,0.16
P4734,138.44,0.36
P4735,90.54,0.25
P4736,135.91,0.08
P4737,236.8,0.34
P4738,222.33,0.01
P4739,331.95,0.07
P4740,125.47,0.12
P4741,321.19,0.03
P4742,376.27,0.09
P4743,387.34,0.49
P4744,275.69,0.2
P4745,412.2,0.02
P4746,420.74,0.37
P4747,273.54,0.27
P4748,151.43,0.35
P4749,294.17,0.45
P4750,134.52,0.47
P4751,203.38,0.02
P4752,320.75,0.29
P4753,76.52,0.03
P4754,45.93,0.35
P4755,437.34,0.19
P4756,253.93,0.24
P4757,206.03,0.5
P4758,355.54,0.14
P4759,69.36,0.04
P4760,150.27,0.26
P4761,466.83,0.05
P4762,395.26,0.03
P4763,152.74,0.41
P4764,469.62,0.48
P4765,368.75,0.43
P4766,435.11,0.21
P4767,90.41,0.24
P4768,188.45,0.21
P4769,489.04,0.15
P4770,122.11,0.07
P4771,243.25,0.04
P4772,114.21,0.33
P4773,338.53,0.23
P4774,496.05,0.41
P4775,421.14,0.49
P4776,25.11,0.08
P4777,220.16,0.44
P4778,471.93,0.4
P4779,74.7,0.32
P4780,93.11,0.38
P4781,167.7,0.2
P4782,444.59,0.31
P4783,294.59,0.31
P4784,216.55,0.03
P4785,43.05,0.31
P4786,97.38,0.5
P4787,370.63,0.17
P4788,29.9,0.39
P4789,268.71,0.17
P4790,415.89,0.22
P4791,353.81,0.35
P4792,408.37,0.35
P4793,53.36,0.07
P4794,334.88,0.13
P4795,341.23,0.47
P4796,92.22,0.18
P4797,422.41,0.37
P4798,278.15,0.45
P4799,146.77,0.4
P4800,429.16,0.31
P4801,170.04,0.25
P4802,132.73,0.21
P4803,330.36,0.03
P4804,428.05,0.39
P4805,365.12,0.11
P4806,193.42,0.0
P4807,243.08,0.05
P4808,429.48,0.26
P4809,405.25,0.18
P4810,395.6,0.21
P4811,413.7,0.33
P4812,14.51,0.11
P4813,41.2,0.2
P4814,442.92,0.21
P4815,111.97,0.32
P4816,251.79,0.07
P4817,180.55,0.08
P4818,359.83,0.07
P4819,107.72,0.32
P4820,148.06,0.04
P4821,341.87,0.18
P4822,396.47,0.05
P4823,486.43,0.05
P4824,479.1,0.33
P4825,231.62,0.35
P4826,52.06,0.3
P4827,436.94,0.43
P4828,148.3,0.09
P4829,353.93,0.25
P4830,354.46,0.07
P4831,399.36,0.09
P4832,430.02,0.28
P4833,296.38,0.28
P4834,96.64,0.0
P4835,214.03,0.4
P4836,50.07,0.41
P4837,341.04,0.35
P4838,148.8,0.47
P4839,90.99,0.37
P4840,351.14,0.3
P4841,170.95,0.17
P4842,490.09,0.07
P4843,316.36,0.16
P4844,460.01,0.31
P4845,222.06,0.1
P4846,311.13,0.28
P4847,203.31,0.12
P4848,330.1,0.27
P4849,92.25,0.39
P4850,326.15,0.26
P4851,300.72,0.45
P4852,24.89,0.26
P4853,76.36,0.37
P4854,211.05,0.49
P4855,80.58,0.12
P4856,227.04,0.38
P4857,249.41,0.26
P4858,301.73,0.36
P4859,249.76,0.48
P4860,335.36,0.02
P4861,163.07,0.36
P4862,66.57,0.09
P4863,78.01,0.01
P4864,356.56,0.01
P4865,44.31,0.27
P4866,406.31,0.18
P4867,245.87,0.08
P4868,343.18,0.45
P4869,497.67,0.2
P4870,175.53,0.15
P4871,423.41,0.36
P4872,350.37,0.09
P4873,389.84,0.27
P4874,134.92,0.21
P4875,19.2,0.08
P4876,176.48,0.41
P4877,22.78,0.19
P4878,313.16,0.41
P4879,70.78,0.09
P4880,25.11,0.41
P4881,320.89,0.22
P4882,191.06,0.28
P4883,320.28,0.14
P4884,142.79,0.32
P4885,36.83,0.23
P4886,144.82,0.07
P4887,146.73,0.08
P4888,463.53,0.06
P4889,275.88,0.33
P4890,116.95,0.39
P4891,18.43,0.17
P4892,194.4,0.31
P4893,416.95,0.41
P4894,317.93,0.48
P4895,5.51,0.16
P4896,96.72,0.47
P4897,19.31,0.18
P4898,192.32,0.37
P4899,435.54,0.17
P4900,121.19,0.39
P4901,203.99,0.37
P4902,301.4,0.39
P4903,103.98,0.03
P4904,260.12,0.02
P4905,446.18,0.4
P4906,110.2,0.48
P4907,54.51,0.23
P4908,10.76,0.23
P4909,301.1,0.25
P4910,492.6,0.29
P4911,449.76,0.43
P4912,129.87,0.23
P4913,350.52,0.41
P4914,309.15,0.4
P4915,295.69,0.33
P4916,156.26,0.07
P4917,202.07,0.03
P4918,279.31,0.46
P4919,369.55,0.19
P4920,235.2,0.28
P4921,84.16,0.12
P4922,14.63,0.2
P4923,373.4,0.14
P4924,23.66,0.3
P4925,98.33,0.31
P4926,137.73,0.46
P4927,168.46,0.01
P4928,333.6,0.37
P4929,495.46,0.32
P4930,289.56,0.46
P4931,71.86,0.2
P4932,49.76,0.28
P4933,207.78,0.1
P4934,61.16,0.31
P4935,79.59,0.48
P4936,209.66,0.13
P4937,23.0,0.12
P4938,44.81,0.01
P4939,269.01,0.27
P4940,130.81,0.15
P4941,123.5,0.12
P4942,457.48,0.03
P4943,361.68,0.36
P4944,243.39,0.08
P4945,201.56,0.08
P4946,104.86,0.17
P4947,350.42,0.41
P4948,111.34,0.31
P4949,460.26,0.07
P4950,128.21,0.29
P4951,343.53,0.23
P4952,151.43,0.36
P4953,110.06,0.21
P4954,73.0,0.31
P4955,224.38,0.13
P4956,6.54,0.11
P4957,262.33,0.18
P4958,131.87,0.29
P4959,297.92,0.35
P4960,115.22,0.05
P4961,232.81,0.41
P4962,27.05,0.15
P4963,391.92,0.14
P4964,71.4,0.03
P4965,26.19,0.35
P4966,338.45,0.38
P4967,460.9,0.02
P4968,415.7,0.11
P4969,483.52,0.44
P4970,317.5,0.11
P4971,198.29,0.49
P4972,261.35,0.01
P4973,16.38,0.15
P4974,394.57,0.03
P4975,109.77,0.41
P4976,177.28,0.11
P4977,333.45,0.02
P4978,169.35,0.26
P4979,429.06,0.34
P4980,323.44,0.33
P4981,429.62,0.36
P4982,297.92,0.27
P4983,213.85,0.42
P4984,393.5,0.0
P4985,340.1,0.39
P4986,226.03,0.01
P4987,116.04,0.2
P4988,172.21,0.13
P4989,174.03,0.35
P4990,412.39,0.03
P4991,235.85,0.35
P4992,246.49,0.24
P4993,67.52,0.23
P4994,286.63,0.31
P4995,311.09,0.41
P4996,305.8,0.3
P4997,44.56,0.04
P4998,284.32,0.35
P4999,370.72,0.44
P5000,483.53,0.49
